937D/A408,RSSI
1411801358049,-86
1411801358182,-86
1411801359117,-76
1411801359150,-76
1411801359540,-79
1411801359568,-79
1411801359934,-76
1411801359964,-76
1411801360254,-81
1411801360289,-81
1411801360544,-79
1411801360565,-79
1411801361952,-75
1411801361974,-75
1411801362300,-76
1411801362322,-76
1411801363025,-82
1411801363050,-82
1411801363376,-75
1411801363399,-75
1411801363759,-82
1411801363792,-82
1411801364445,-77
1411801364470,-77
1411801364800,-79
1411801364824,-79
1411801365167,-78
1411801365189,-78
1411801365858,-79
1411801365884,-79
1411801368428,-79
1411801368461,-79
1411801368835,-80
1411801368869,-80
1411801369430,-74
1411801369452,-74
1411801369769,-74
1411801369803,-74
1411801372604,-78
1411801372632,-78
1411801372979,-81
1411801373024,-81
1411801374463,-77
1411801374495,-77
1411801374814,-77
1411801374851,-77
1411801375158,-79
1411801375276,-79
1411801376512,-75
1411801376538,-75
1411801376865,-77
1411801376888,-77
1411801377614,-78
1411801377638,-78
1411801379437,-73
1411801379457,-73
1411801379749,-73
1411801379778,-73
1411801381166,-74
1411801381190,-74
1411801381634,-79
1411801381656,-79
1411801381874,-78
1411801381898,-78
1411801384041,-74
1411801384081,-74
1411801384435,-74
1411801384456,-74
1411801385414,-76
1411801385440,-76
1411801385733,-80
1411801385754,-80
1411801386095,-75
1411801386138,-75
1411801386448,-75
1411801386469,-75
1411801386801,-75
1411801386823,-75
1411801387230,-78
1411801387251,-78
1411801387511,-76
1411801387538,-76
1411801387862,-76
1411801387890,-76
1411801388214,-79
1411801388281,-79
1411801389700,-79
1411801389726,-79
1411801389977,-77
1411801390044,-77
1411801390337,-74
1411801390380,-74
1411801390693,-75
1411801390728,-75
1411801391082,-78
1411801391106,-78
1411801391396,-74
1411801391420,-74
1411801391753,-78
1411801391778,-78
1411801392843,-75
1411801392862,-75
1411801393168,-81
1411801393207,-81
1411801393546,-79
1411801393587,-79
1411801394235,-71
1411801394257,-71
1411801394572,-77
1411801394625,-77
1411801394929,-75
1411801394953,-75
1411801395333,-74
1411801395370,-74
1411801395656,-74
1411801395698,-74
1411801396005,-75
1411801396037,-75
1411801396737,-78
1411801396778,-78
1411801397071,-75
1411801397109,-75
1411801397453,-74
1411801397485,-74
1411801397799,-78
1411801397832,-78
1411801398151,-77
1411801398187,-77
1411801398520,-74
1411801398834,-79
1411801398864,-79
1411801399922,-74
1411801400002,-74
1411801400971,-79
1411801400992,-79
1411801401481,-76
1411801401504,-76
1411801402428,-76
1411801402468,-76
1411801402737,-75
1411801402762,-75
1411801403108,-77
1411801403140,-77
1411801403533,-75
1411801403972,-76
1411801404035,-76
1411801404291,-75
1411801404575,-74
1411801404606,-74
1411801404917,-74
1411801404949,-74
1411801405610,-77
1411801405663,-77
1411801405943,-76
1411801405968,-76
1411801407787,-79
1411801407820,-79
1411801408484,-74
1411801408515,-74
1411801409219,-74
1411801409251,-74
1411801409907,-73
1411801410275,-78
1411801410308,-78
1411801410640,-75
1411801410679,-75
1411801410961,-79
1411801410983,-79
1411801411344,-75
1411801411376,-75
1411801411705,-80
1411801411730,-80
1411801411974,-74
1411801412008,-74
1411801412762,-75
1411801412809,-75
1411801413400,-75
1411801413435,-75
1411801413751,-80
1411801413794,-80
1411801414096,-79
1411801414120,-79
1411801414459,-74
1411801414496,-74
1411801415212,-79
1411801415244,-79
1411801415555,-74
1411801415578,-74
1411801415938,-80
1411801415959,-80
1411801416226,-75
1411801416252,-75
1411801417000,-79
1411801417032,-79
1411801417697,-76
1411801417729,-76
1411801418439,-74
1411801418462,-74
1411801418792,-74
1411801418828,-74
1411801419187,-75
1411801419220,-75
1411801419875,-74
1411801419902,-74
1411801420238,-76
1411801420319,-76
1411801420509,-75
1411801420543,-75
1411801420932,-76
1411801421339,-75
1411801421372,-75
1411801421639,-75
1411801422109,-79
1411801422141,-79
1411801422272,-79
1411801422295,-79
1411801422628,-74
1411801422648,-74
1411801423029,-77
1411801423050,-77
1411801423395,-74
1411801423416,-74
1411801423732,-74
1411801423756,-74
1411801424223,-75
1411801424244,-75
1411801424459,-78
1411801424490,-78
1411801424822,-78
1411801424857,-78
1411801425171,-74
1411801425229,-74
1411801426217,-75
1411801426250,-75
1411801426645,-76
1411801426675,-76
1411801427320,-74
1411801427358,-74
1411801427679,-78
1411801427701,-78
1411801428037,-76
1411801428082,-76
1411801428335,-74
1411801428357,-74
1411801428752,-79
1411801428779,-79
1411801429070,-71
1411801429102,-71
1411801429866,-77
1411801429891,-77
1411801430464,-74
1411801430487,-74
1411801430873,-75
1411801430897,-75
1411801431164,-76
1411801431198,-76
1411801431574,-75
1411801431608,-75
1411801432377,-77
1411801432397,-77
1411801432630,-79
1411801432663,-79
1411801433381,-74
1411801433413,-74
1411801433645,-73
1411801433677,-73
1411801434059,-76
1411801434083,-76
1411801434356,-75
1411801434381,-75
1411801435138,-75
1411801435877,-76
1411801436175,-74
1411801436205,-74
1411801436551,-74
1411801436584,-74
1411801436864,-75
1411801436915,-75
1411801437372,-78
1411801437397,-78
1411801437557,-75
1411801437590,-75
1411801438284,-77
1411801438303,-77
1411801438734,-74
1411801438759,-74
1411801439417,-80
1411801439450,-80
1411801439697,-77
1411801439734,-77
1411801440398,-76
1411801440422,-76
1411801440784,-76
1411801440821,-76
1411801441219,-79
1411801441253,-79
1411801441547,-79
1411801441572,-79
1411801441813,-76
1411801441846,-76
1411801442317,-71
1411801442340,-71
1411801442875,-76
1411801442905,-76
1411801443255,-75
1411801443287,-75
1411801443592,-75
1411801443616,-75
1411801444749,-77
1411801444770,-77
1411801445060,-76
1411801445080,-76
1411801445364,-75
1411801445386,-75
1411801445720,-75
1411801445756,-75
1411801446433,-75
1411801446496,-75
1411801447256,-75
1411801447280,-75
1411801447479,-76
1411801447516,-76
1411801448280,-76
1411801448552,-78
1411801448585,-78
1411801449280,-75
1411801449320,-75
1411801449633,-77
1411801449666,-77
1411801450072,-74
1411801450092,-74
1411801450313,-75
1411801450337,-75
1411801450678,-76
1411801450744,-76
1411801451049,-76
1411801451074,-76
1411801451424,-77
1411801451468,-77
1411801451745,-73
1411801451778,-73
1411801452449,-79
1411801452483,-79
1411801452807,-73
1411801452855,-73
1411801453159,-71
1411801453207,-71
1411801453513,-77
1411801453547,-77
1411801453900,-74
1411801454258,-75
1411801454328,-75
1411801454569,-74
1411801454594,-74
1411801455305,-76
1411801455329,-76
1411801455662,-76
1411801455991,-74
1411801456038,-74
1411801456391,-76
1411801456427,-76
1411801457067,-76
1411801457090,-76
1411801457412,-74
1411801457439,-74
1411801457806,-74
1411801457826,-74
1411801458126,-81
1411801458150,-81
1411801458482,-75
1411801458520,-75
1411801458836,-75
1411801458878,-75
1411801459614,-74
1411801459998,-74
1411801460022,-74
1411801460251,-75
1411801460283,-75
1411801460974,-80
1411801461011,-80
1411801461348,-75
1411801461402,-75
1411801461734,-79
1411801461770,-79
1411801462516,-76
1411801462545,-76
1411801462734,-75
1411801462758,-75
1411801463458,-75
1411801463504,-75
1411801463801,-75
1411801463824,-75
1411801464162,-74
1411801464226,-74
1411801464542,-78
1411801464580,-78
1411801464910,-74
1411801465041,-74
1411801465614,-76
1411801465648,-76
1411801465939,-74
1411801465967,-74
1411801466308,-76
1411801466332,-76
1411801466718,-75
1411801466750,-75
1411801467025,-75
1411801467049,-75
1411801467352,-75
1411801467377,-75
1411801467707,-74
1411801467743,-74
1411801468059,-77
1411801468085,-77
1411801468421,-79
1411801468459,-79
1411801468773,-80
1411801468815,-80
1411801469127,-74
1411801469159,-74
1411801469481,-76
1411801469544,-76
1411801469830,-77
1411801469975,-77
1411801470186,-74
1411801470208,-74
1411801470589,-71
1411801470620,-71
1411801471659,-75
1411801471724,-75
1411801471963,-78
1411801472014,-78
1411801472344,-75
1411801472369,-75
1411801472760,-73
1411801472785,-73
1411801473042,-75
1411801473069,-75
1411801473384,-76
1411801473429,-76
1411801473752,-75
1411801473808,-75
1411801474153,-77
1411801474180,-77
1411801474455,-77
1411801474480,-77
1411801474820,-74
1411801474869,-74
1411801475164,-74
1411801475186,-74
1411801475623,-78
1411801475649,-78
1411801475875,-77
1411801475944,-77
1411801476228,-74
1411801476261,-74
1411801476584,-73
1411801476618,-73
1411801477302,-74
1411801477325,-74
1411801477669,-78
1411801477694,-78
1411801478130,-76
1411801478155,-76
1411801478356,-74
1411801478375,-74
1411801479136,-76
1411801479168,-76
1411801479434,-76
1411801479487,-76
1411801480190,-77
1411801480234,-77
1411801480860,-73
1411801480893,-73
1411801481275,-77
1411801481304,-77
1411801481556,-73
1411801481589,-73
1411801481927,-78
1411801481962,-78
1411801482260,-76
1411801482295,-76
1411801482989,-76
1411801483020,-76
1411801483714,-74
1411801483732,-74
1411801484018,-74
1411801484042,-74
1411801485492,-79
1411801485528,-79
1411801485797,-77
1411801485822,-77
1411801486149,-78
1411801486174,-78
1411801486505,-73
1411801486538,-73
1411801486893,-76
1411801486934,-76
1411801487607,-77
1411801487628,-77
1411801487987,-77
1411801488023,-77
1411801489051,-73
1411801489092,-73
1411801489365,-74
1411801489389,-74
1411801489789,-77
1411801489844,-77
1411801490081,-74
1411801490113,-74
1411801490503,-73
1411801490663,-73
1411801491554,-79
1411801491586,-79
1411801491835,-77
1411801491875,-77
1411801492203,-77
1411801492236,-77
1411801492580,-78
1411801492606,-78
1411801493336,-79
1411801493465,-79
1411801494054,-72
1411801494076,-72
1411801494345,-73
1411801494371,-73
1411801495037,-75
1411801495074,-75
1411801495793,-79
1411801495930,-79
1411801496578,-74
1411801496611,-74
1411801496814,-74
1411801496846,-74
1411801497150,-74
1411801497195,-74
1411801497571,-75
1411801497987,-74
1411801498019,-74
1411801498301,-75
1411801498324,-75
1411801499023,-74
1411801499062,-74
1411801499675,-75
1411801499709,-75
1411801499978,-74
1411801500014,-74
1411801500355,-73
1411801500384,-73
1411801500733,-73
1411801500757,-73
1411801501428,-73
1411801501452,-73
1411801501788,-80
1411801501816,-80
1411801502142,-73
1411801502175,-73
1411801502484,-79
1411801502509,-79
1411801502833,-73
1411801502867,-73
1411801503354,-73
1411801503377,-73
1411801503939,-81
1411801503969,-81
1411801504362,-79
1411801504393,-79
1411801504588,-74
1411801504627,-74
1411801505048,-79
1411801505085,-79
1411801506069,-74
1411801506090,-74
1411801506397,-76
1411801506422,-76
1411801506815,-75
1411801506849,-75
1411801507113,-73
1411801507145,-73
1411801507424,-74
1411801507459,-74
1411801508279,-78
1411801508342,-78
1411801508558,-78
1411801508597,-78
1411801508847,-77
1411801508885,-77
1411801509605,-78
1411801509633,-78
1411801509934,-78
1411801509954,-78
1411801510393,-77
1411801510436,-77
1411801510808,-78
1411801510832,-78
1411801511408,-78
1411801511434,-78
1411801511736,-77
1411801511759,-77
1411801512104,-77
1411801512174,-77
1411801512445,-74
1411801512479,-74
1411801512912,-77
1411801512936,-77
1411801513177,-74
1411801513208,-74
1411801513812,-78
1411801513847,-78
1411801514276,-77
1411801514308,-77
1411801514520,-77
1411801514552,-77
1411801514975,-73
1411801514995,-73
1411801515293,-74
1411801515326,-74
1411801515604,-77
1411801515631,-77
1411801516367,-78
1411801516392,-78
1411801516660,-77
1411801516698,-77
1411801517003,-77
1411801517066,-77
1411801517404,-74
1411801517435,-74
1411801517854,-74
1411801517894,-74
1411801518504,-78
1411801518547,-78
1411801518863,-74
1411801518889,-74
1411801519495,-79
1411801519515,-79
1411801519888,-74
1411801519911,-74
1411801521622,-75
1411801521645,-75
1411801522032,-79
1411801522064,-79
1411801522291,-74
1411801522315,-74
1411801523035,-74
1411801523384,-77
1411801523406,-77
1411801523773,-78
1411801523806,-78
1411801524796,-78
1411801524841,-78
1411801525829,-74
1411801525868,-74
1411801526171,-74
1411801526193,-74
1411801526603,-77
1411801526634,-77
1411801527254,-75
1411801527292,-75
1411801527704,-77
1411801527724,-77
1411801527992,-76
1411801528022,-76
1411801528374,-77
1411801528408,-77
1411801529793,-84
1411801529829,-84
1411801531553,-82
1411801531579,-82
1411801532319,-77
1411801532341,-77
1411801533170,-78
1411801533198,-78
1411801534146,-79
1411801534167,-79
1411801534428,-81
1411801534462,-81
1411801534910,-85
1411801535139,-87
1411801535161,-87
1411801535559,-86
1411801535589,-86
1411801536622,-86
1411801536656,-86
1411801536876,-74
1411801536901,-74
1411801537714,-86
1411801537954,-86
1411801539045,-80
1411801539072,-80
1411801539380,-78
1411801539407,-78
1411801541218,-77
1411801541275,-77
1411801541522,-80
1411801541542,-80
1411801541839,-77
1411801541866,-77
1411801542195,-75
1411801542217,-75
1411801542549,-75
1411801542572,-75
1411801542914,-73
1411801542961,-73
1411801543293,-73
1411801543328,-73
1411801545051,-74
1411801545071,-74
1411801545443,-77
1411801545480,-77
1411801546235,-84
1411801546255,-84
1411801547587,-77
1411801547611,-77
1411801547878,-73
1411801547901,-73
1411801548738,-80
1411801548759,-80
1411801548902,-81
1411801548924,-81
1411801549980,-77
1411801550023,-77
1411801550673,-81
1411801550696,-81
1411801551033,-78
1411801551086,-78
1411801552818,-82
1411801552847,-82
1411801553586,-84
1411801553622,-84
1411801553941,-79
1411801553973,-79
1411801554635,-79
1411801554655,-79
1411801554978,-86
1411801555003,-86
1411801555330,-83
1411801555357,-83
1411801556066,-81
1411801556121,-81
1411801556445,-82
1411801556471,-82
1411801556725,-78
1411801556753,-78
1411801557175,-79
1411801557198,-79
1411801557641,-78
1411801557665,-78
1411801558262,-78
1411801558291,-78
1411801558581,-78
1411801558602,-78
1411801558929,-89
1411801558952,-89
1411801559557,-78
1411801559689,-78
1411801559970,-75
1411801559993,-75
1411801560702,-76
1411801560724,-76
1411801561077,-82
1411801561107,-82
1411801561779,-81
1411801561806,-81
1411801562856,-82
1411801562894,-82
1411801563225,-77
1411801563258,-77
1411801563912,-79
1411801563995,-79
1411801564958,-80
1411801565816,-77
1411801565845,-77
1411801566396,-80
1411801566442,-80
1411801566670,-79
1411801566696,-79
1411801568152,-80
1411801568178,-80
1411801568526,-86
1411801568548,-86
1411801568802,-80
1411801568823,-80
1411801570250,-79
1411801570309,-79
1411801570613,-82
1411801570658,-82
1411801571320,-87
1411801571370,-87
1411801572039,-81
1411801572060,-81
1411801574152,-80
1411801574174,-80
1411801574501,-74
1411801574536,-74
1411801574827,-71
1411801574849,-71
1411801575229,-74
1411801575254,-74
1411801575610,-72
1411801575647,-72
1411801576169,-71
1411801576191,-71
1411801579420,-72
1411801579441,-72
1411801581243,-71
1411801581263,-71
1411801581990,-71
1411801582012,-71
1411801582652,-73
1411801582673,-73
1411801584724,-71
1411801584747,-71
1411801585079,-73
1411801585111,-73
1411801585431,-70
1411801585457,-70
1411801585789,-73
1411801585839,-73
1411801586168,-71
1411801586198,-71
1411801586501,-72
1411801586529,-72
1411801587233,-73
1411801587254,-73
1411801588284,-73
1411801588318,-73
1411801590056,-74
1411801590078,-74
1411801591834,-73
1411801591863,-73
1411801592188,-71
1411801592213,-71
1411801592603,-68
1411801592626,-68
1411801592939,-72
1411801592959,-72
1411801595023,-73
1411801597198,-71
1411801597225,-71
1411801597550,-73
1411801597571,-73
1411801597898,-71
1411801597923,-71
1411801598289,-73
1411801598312,-73
1411801598633,-71
1411801598665,-71
1411801598968,-71
1411801598990,-71
1411801599321,-73
1411801599343,-73
1411801599663,-71
1411801599684,-71
1411801600479,-73
1411801600500,-73
1411801600725,-73
1411801600747,-73
1411801601108,-72
1411801601129,-72
1411801601464,-71
1411801601500,-71
1411801602199,-73
1411801602218,-73
1411801602892,-71
1411801602913,-71
1411801603219,-72
1411801603257,-72
1411801603963,-72
1411801603995,-72
1411801604663,-72
1411801604688,-72
1411801605308,-72
1411801605332,-72
1411801607432,-72
1411801607572,-72
1411801607786,-72
1411801607815,-72
1411801608911,-71
1411801608942,-71
1411801609932,-73
1411801611004,-73
1411801611040,-73
1411801611679,-72
1411801611706,-72
1411801612030,-71
1411801612067,-71
1411801613108,-71
1411801613148,-71
1411801613452,-71
1411801613480,-71
1411801613801,-70
1411801613832,-70
1411801614514,-74
1411801614553,-74
1411801614932,-71
1411801614977,-71
1411801615212,-73
1411801615243,-73
1411801615589,-72
1411801615642,-72
1411801616272,-72
1411801616295,-72
1411801617077,-74
1411801617099,-74
1411801617342,-73
1411801617377,-73
1411801619809,-72
1411801619869,-72
1411801620567,-74
1411801620590,-74
1411801620867,-71
1411801620889,-71
1411801621937,-72
1411801622319,-71
1411801622351,-71
1411801622659,-72
1411801622684,-72
1411801623005,-72
1411801623039,-72
1411801623739,-72
1411801624125,-72
1411801624145,-72
1411801624412,-72
1411801624441,-72
1411801624767,-72
1411801624792,-72
1411801625121,-71
1411801625155,-71
1411801625478,-71
1411801625502,-71
1411801625945,-71
1411801625975,-71
1411801626571,-73
1411801626607,-73
1411801626914,-72
1411801626963,-72
1411801627265,-71
1411801627299,-71
1411801627627,-73
1411801627660,-73
1411801628322,-71
1411801628349,-71
1411801629100,-73
1411801629402,-71
1411801629448,-71
1411801629758,-72
1411801629791,-72
1411801630169,-72
1411801630211,-72
1411801630470,-73
1411801630516,-73
1411801630837,-72
1411801630878,-72
1411801631171,-72
1411801631191,-72
1411801631526,-72
1411801631548,-72
1411801632305,-73
1411801632337,-73
1411801632631,-72
1411801632656,-72
1411801632968,-73
1411801633007,-73
1411801633321,-73
1411801633348,-73
1411801633661,-71
1411801633693,-71
1411801634014,-70
1411801634041,-70
1411801634382,-70
1411801634434,-70
1411801634727,-70
1411801634748,-70
1411801635823,-74
1411801635855,-74
1411801636231,-73
1411801636262,-73
1411801636924,-73
1411801636947,-73
1411801637266,-71
1411801637287,-71
1411801637629,-72
1411801637669,-72
1411801638299,-72
1411801638331,-72
1411801638645,-70
1411801638682,-70
1411801639695,-71
1411801639726,-71
1411801640059,-71
1411801640090,-71
1411801640503,-71
1411801640530,-71
1411801640761,-73
1411801640802,-73
1411801641841,-72
1411801642552,-72
1411801642581,-72
1411801642895,-70
1411801642954,-70
1411801643236,-71
1411801643269,-71
1411801644350,-73
1411801644373,-73
1411801644656,-73
1411801644681,-73
1411801645397,-73
1411801645432,-73
1411801646439,-72
1411801647215,-74
1411801647252,-74
1411801647502,-73
1411801647530,-73
1411801647844,-71
1411801647880,-71
1411801648548,-72
1411801648570,-72
1411801648914,-75
1411801648953,-75
1411801649259,-72
1411801649280,-72
1411801649674,-73
1411801649701,-73
1411801649963,-72
1411801649983,-72
1411801650363,-71
1411801650424,-71
1411801651053,-73
1411801651084,-73
1411801651751,-71
1411801651784,-71
1411801652100,-72
1411801652144,-72
1411801652831,-73
1411801652851,-73
1411801653172,-72
1411801653207,-72
1411801653515,-70
1411801653543,-70
1411801653910,-73
1411801653935,-73
1411801654989,-73
1411801655015,-73
1411801655285,-73
1411801655320,-73
1411801656141,-71
1411801656163,-71
1411801656332,-72
1411801656351,-72
1411801656714,-71
1411801656748,-71
1411801657048,-72
1411801657073,-72
1411801657429,-71
1411801657470,-71
1411801657782,-72
1411801657816,-72
1411801658115,-71
1411801658195,-71
1411801658463,-72
1411801658487,-72
1411801659208,-72
1411801659240,-72
1411801659545,-71
1411801660297,-73
1411801660330,-73
1411801661098,-71
1411801661125,-71
1411801661338,-72
1411801661684,-71
1411801661718,-71
1411801662053,-71
1411801662085,-71
1411801663112,-71
1411801663133,-71
1411801663443,-72
1411801663671,-72
1411801664208,-73
1411801664241,-73
1411801664857,-71
1411801664890,-71
1411801666019,-72
1411801666039,-72
1411801666270,-75
1411801666303,-75
1411801666642,-70
1411801666679,-70
1411801667389,-71
1411801667422,-71
1411801667754,-72
1411801667780,-72
1411801668086,-73
1411801668122,-73
1411801668405,-73
1411801668435,-73
1411801668801,-72
1411801668834,-72
1411801669479,-73
1411801669512,-73
1411801669842,-73
1411801669876,-73
1411801670159,-74
1411801670204,-74
1411801670582,-70
1411801670602,-70
1411801670907,-73
1411801670942,-73
1411801671298,-73
1411801671330,-73
1411801671582,-73
1411801671607,-73
1411801671939,-73
1411801671979,-73
1411801672306,-72
1411801672347,-72
1411801672754,-71
1411801672781,-71
1411801673026,-71
1411801673061,-71
1411801673759,-72
1411801673782,-72
1411801674071,-72
1411801674102,-72
1411801674479,-74
1411801674508,-74
1411801674809,-72
1411801674925,-72
1411801675182,-73
1411801675203,-73
1411801675500,-71
1411801675534,-71
1411801676187,-74
1411801676207,-74
1411801676558,-71
1411801676591,-71
1411801676933,-71
1411801676966,-71
1411801677319,-71
1411801677475,-71
1411801677974,-71
1411801678002,-71
1411801678345,-74
1411801678380,-74
1411801678692,-71
1411801678719,-71
1411801679034,-73
1411801679067,-73
1411801679832,-72
1411801679858,-72
1411801680085,-71
1411801680119,-71
1411801680428,-72
1411801680454,-72
1411801680791,-71
1411801680826,-71
1411801681529,-71
1411801681564,-71
1411801682267,-73
1411801682290,-73
1411801682658,-73
1411801682689,-73
1411801682939,-71
1411801682962,-71
1411801684095,-73
1411801684380,-73
1411801684405,-73
1411801684845,-73
1411801684871,-73
1411801685471,-73
1411801685497,-73
1411801685777,-74
1411801685798,-74
1411801689290,-74
1411801689327,-74
1411801690006,-70
1411801690039,-70
1411801690753,-73
1411801690783,-73
1411801691156,-70
1411801691200,-70
1411801691448,-72
1411801691469,-72
1411801692188,-73
1411801692218,-73
1411801693613,-71
1411801693660,-71
1411801693888,-73
1411801693918,-73
1411801694270,-72
1411801694334,-72
1411801695030,-72
1411801695054,-72
1411801695306,-72
1411801695340,-72
1411801696124,-73
1411801696146,-73
1411801696360,-72
1411801696382,-72
1411801696742,-73
1411801696767,-73
1411801697487,-73
1411801697518,-73
1411801699248,-71
1411801699271,-71
1411801699571,-75
1411801699604,-75
1411801699931,-74
1411801699989,-74
1411801700983,-68
1411801701017,-68
1411801701351,-71
1411801701383,-71
1411801702066,-73
1411801702097,-73
1411801702399,-74
1411801702433,-74
1411801702765,-74
1411801702816,-74
1411801703550,-73
1411801703586,-73
1411801704198,-71
1411801704260,-71
1411801704523,-73
1411801704546,-73
1411801704886,-73
1411801704927,-73
1411801705249,-72
1411801705294,-72
1411801706077,-73
1411801706099,-73
1411801706278,-74
1411801706303,-74
1411801707035,-73
1411801707059,-73
1411801707340,-73
1411801707361,-73
1411801707704,-73
1411801707727,-73
1411801708065,-72
1411801708130,-72
1411801708762,-71
1411801708805,-71
1411801709171,-72
1411801709196,-72
1411801709472,-71
1411801709501,-71
1411801709833,-73
1411801709878,-73
1411801710195,-71
1411801710225,-71
1411801710589,-72
1411801710716,-72
1411801710889,-72
1411801710910,-72
1411801711275,-71
1411801711307,-71
1411801711617,-74
1411801711653,-74
1411801711965,-72
1411801711991,-72
1411801712309,-72
1411801712329,-72
1411801712677,-74
1411801712719,-74
1411801713171,-73
1411801713192,-73
1411801713749,-73
1411801713781,-73
1411801714089,-74
1411801714143,-74
1411801714445,-74
1411801714485,-74
1411801714814,-70
1411801714845,-70
1411801715608,-73
1411801715629,-73
1411801715848,-73
1411801715878,-73
1411801716564,-72
1411801716612,-72
1411801717312,-72
1411801717336,-72
1411801718500,-70
1411801718520,-70
1411801718690,-72
1411801718756,-72
1411801719407,-73
1411801719440,-73
1411801719809,-72
1411801719841,-72
1411801720476,-72
1411801720500,-72
1411801721248,-72
1411801721280,-72
1411801721548,-73
1411801721573,-73
1411801721919,-72
1411801721950,-72
1411801722374,-71
1411801722395,-71
1411801722622,-70
1411801722659,-70
1411801722967,-71
1411801722990,-71
1411801723713,-73
1411801723755,-73
1411801724744,-71
1411801724777,-71
1411801725101,-73
1411801725172,-73
1411801725532,-71
1411801725561,-71
1411801726150,-74
1411801726175,-74
1411801726869,-72
1411801727566,-72
1411801727591,-72
1411801728010,-71
1411801728059,-71
1411801728279,-72
1411801728333,-72
1411801728986,-71
1411801729023,-71
1411801729339,-73
1411801729370,-73
1411801730417,-70
1411801730438,-70
1411801730806,-72
1411801730827,-72
1411801731125,-73
1411801731164,-73
1411801731473,-71
1411801731505,-71
1411801732234,-73
1411801732258,-73
1411801732571,-74
1411801732610,-74
1411801732896,-70
1411801732933,-70
1411801733655,-72
1411801733686,-72
1411801733961,-71
1411801733994,-71
1411801734307,-72
1411801734327,-72
1411801735426,-72
1411801735460,-72
1411801735743,-73
1411801735782,-73
1411801736551,-72
1411801736570,-72
1411801736810,-73
1411801736847,-73
1411801737170,-72
1411801737204,-72
1411801738681,-75
1411801738710,-75
1411801738951,-73
1411801738994,-73
1411801739662,-72
1411801739685,-72
1411801740015,-71
1411801740046,-71
1411801740384,-74
1411801740429,-74
1411801743631,-71
1411801743651,-71
1411801744639,-73
1411801744674,-73
1411801745151,-71
1411801745194,-71
1411801745711,-74
1411801745877,-74
1411801746437,-74
1411801746475,-74
1411801746779,-71
1411801746810,-71
1411801747120,-71
1411801747143,-71
1411801747500,-72
1411801747520,-72
1411801748191,-72
1411801748216,-72
1411801749967,-73
1411801750315,-86
1411801750373,-86
1411801750689,-80
1411801751365,-73
1411801751392,-73
1411801751734,-72
1411801751760,-72
1411801752080,-73
1411801752105,-73
1411801752828,-79
1411801752849,-79
1411801753583,-83
1411801753611,-83
1411801754976,-90
1411801755033,-90
1411801755324,-72
1411801755345,-72
1411801755698,-73
1411801755729,-73
1411801756067,-85
1411801756095,-85
1411801756403,-82
1411801756424,-82
1411801757126,-75
1411801757162,-75
1411801757591,-76
1411801757638,-76
1411801757824,-80
1411801757852,-80
1411801758557,-76
1411801758591,-76
1411801759305,-84
1411801759326,-84
1411801759593,-74
1411801759620,-74
1411801760061,-78
1411801760083,-78
1411801760335,-73
1411801760355,-73
1411801760687,-77
1411801760709,-77
1411801761404,-79
1411801761436,-79
1411801761762,-87
1411801761798,-87
1411801762190,-81
1411801762331,-81
1411801763161,-88
1411801763189,-88
1411801765227,-79
1411801765387,-79
1411801765931,-80
1411801765961,-80
1411801766293,-81
1411801766326,-81
1411801766638,-82
1411801766664,-82
1411801767776,-75
1411801767797,-75
1411801768053,-74
1411801768082,-74
1411801768417,-74
1411801768447,-74
1411801768767,-80
1411801768790,-80
1411801769484,-79
1411801769508,-79
1411801769831,-74
1411801769859,-74
1411801770537,-74
1411801770561,-74
1411801770938,-73
1411801770967,-73
1411801771258,-74
1411801771287,-74
1411801773025,-76
1411801773048,-76
1411801773387,-80
1411801773415,-80
1411801774088,-75
1411801774119,-75
1411801774445,-73
1411801774474,-73
1411801775149,-82
1411801775179,-82
1411801775504,-74
1411801775534,-74
1411801775858,-75
1411801775914,-75
1411801776210,-81
1411801776230,-81
1411801776927,-72
1411801776958,-72
1411801777332,-81
1411801777355,-81
1411801779055,-89
1411801779088,-89
1411801780451,-78
1411801780484,-78
1411801781651,-76
1411801781683,-76
1411801781867,-78
1411801781893,-78
1411801782312,-81
1411801782349,-81
1411801784341,-79
1411801784366,-79
1411801785120,-77
1411801785150,-77
1411801785804,-79
1411801785848,-79
1411801786110,-85
1411801786139,-85
1411801786464,-88
1411801786485,-88
1411801787225,-79
1411801787884,-81
1411801787908,-81
1411801788252,-82
1411801788360,-82
1411801788950,-80
1411801788970,-80
1411801789309,-83
1411801789332,-83
1411801789667,-86
1411801789742,-86
1411801790391,-77
1411801790747,-76
1411801790898,-76
1411801792535,-79
1411801792561,-79
1411801793579,-81
1411801793702,-81
1411801794658,-77
1411801794733,-77
1411801795336,-80
1411801795358,-80
1411801796167,-77
1411801796194,-77
1411801796759,-77
1411801796795,-77
1411801797120,-87
1411801797144,-87
1411801798226,-81
1411801798278,-81
1411801798576,-77
1411801798602,-77
1411801799249,-78
1411801799272,-78
1411801800332,-80
1411801800380,-80
1411801801052,-82
1411801801074,-82
1411801801731,-82
1411801801751,-82
1411801802441,-79
1411801802471,-79
1411801802877,-81
1411801802898,-81
1411801803156,-86
1411801803180,-86
1411801803521,-84
1411801803556,-84
1411801803903,-79
1411801804043,-79
1411801804944,-78
1411801804985,-78
1411801805295,-82
1411801805322,-82
1411801805665,-80
1411801805695,-80
1411801806368,-81
1411801806405,-81
1411801806830,-79
1411801806853,-79
1411801808887,-81
1411801808909,-81
1411801809303,-82
1411801809324,-82
1411801809533,-81
1411801809557,-81
1411801810243,-80
1411801810269,-80
1411801810591,-78
1411801810614,-78
1411801810949,-82
1411801810971,-82
1411801811738,-82
1411801811759,-82
1411801812048,-83
1411801812087,-83
1411801813446,-79
1411801813465,-79
1411801813794,-86
1411801813817,-86
1411801814873,-79
1411801814903,-79
1411801815576,-78
1411801815659,-78
1411801816653,-78
1411801816674,-78
1411801817119,-80
1411801817140,-80
1411801818056,-77
1411801818077,-77
1411801819132,-80
1411801819154,-80
1411801819529,-79
1411801819579,-79
1411801820185,-91
1411801820213,-91
1411801820539,-78
1411801820558,-78
1411801821995,-78
1411801822032,-78
1411801823755,-82
1411801823833,-82
1411801826597,-80
1411801828356,-79
1411801828383,-79
1411801828766,-85
1411801828790,-85
1411801829785,-79
1411801829818,-79
1411801830524,-80
1411801830550,-80
1411801830855,-78
1411801830878,-78
1411801831909,-77
1411801831934,-77
1411801832283,-80
1411801832302,-80
1411801832598,-80
1411801832617,-80
1411801832985,-81
1411801833012,-81
1411801833326,-81
1411801833379,-81
1411801834076,-78
1411801834101,-78
1411801834370,-80
1411801834392,-80
1411801835791,-83
1411801835829,-83
1411801836132,-81
1411801836152,-81
1411801837569,-83
1411801837588,-83
1411801838058,-80
1411801838078,-80
1411801838260,-78
1411801838287,-78
1411801839353,-79
1411801839380,-79
1411801839751,-83
1411801839771,-83
1411801841141,-78
1411801841161,-78
1411801841818,-79
1411801841837,-79
1411801842219,-77
1411801842239,-77
1411801843702,-78
1411801843729,-78
1411801844300,-82
1411801844400,-82
1411801844649,-80
1411801844675,-80
1411801846097,-80
1411801846784,-80
1411801846805,-80
1411801850734,-83
1411801850766,-83
1411801851826,-80
1411801851852,-80
1411801853242,-82
1411801853267,-82
1411801854347,-76
1411801854371,-76
1411801857804,-80
1411801857868,-80
1411801858229,-80
1411801858248,-80
1411801860678,-78
1411801860710,-78
1411801861759,-77
1411801861790,-77
1411801862453,-80
1411801862489,-80
1411801863492,-79
1411801863512,-79
1411801865255,-82
1411801865281,-82
1411801866351,-81
1411801866383,-81
1411801867025,-88
1411801867106,-88
1411801867744,-80
1411801867777,-80
1411801868209,-81
1411801868819,-82
1411801868844,-82
1411801869189,-83
1411801869225,-83
1411801870251,-80
1411801870276,-80
1411801871664,-81
1411801871687,-81
1411801872709,-77
1411801872731,-77
1411801873225,-81
1411801873244,-81
1411801873427,-78
1411801873451,-78
1411801873916,-79
1411801873936,-79
1411801874133,-78
1411801874155,-78
1411801874509,-81
1411801874544,-81
1411801874856,-80
1411801874929,-80
1411801875930,-77
1411801875951,-77
1411801876302,-78
1411801877341,-79
1411801877374,-79
1411801878395,-79
1411801878422,-79
1411801878772,-78
1411801878816,-78
1411801879473,-80
1411801879520,-80
1411801880175,-77
1411801880200,-77
1411801880531,-81
1411801880562,-81
1411801881958,-80
1411801882117,-80
1411801884076,-84
1411801884109,-84
1411801884414,-80
1411801884434,-80
1411801884764,-78
1411801884791,-78
1411801885868,-79
1411801885900,-79
1411801886906,-79
1411801886943,-79
1411801887301,-80
1411801887324,-80
1411801887628,-80
1411801887668,-80
1411801888023,-78
1411801888044,-78
1411801888328,-80
1411801888357,-80
1411801889034,-78
1411801889064,-78
1411801889745,-89
1411801889775,-89
1411801891544,-82
1411801891588,-82
1411801892228,-84
1411801892246,-84
1411801894005,-85
1411801894031,-85
1411801894723,-81
1411801894755,-81
1411801895079,-87
1411801895111,-87
1411801895436,-87
1411801895469,-87
1411801895919,-86
1411801895952,-86
1411801896212,-84
1411801896233,-84
1411801896484,-80
1411801896520,-80
1411801896843,-79
1411801896876,-79
1411801897193,-82
1411801897225,-82
1411801899668,-80
1411801899710,-80
1411801900391,-78
1411801900423,-78
1411801901802,-79
1411801901892,-79
1411801902551,-79
1411801902589,-79
1411801903726,-77
1411801903747,-77
1411801903959,-77
1411801903996,-77
1411801904293,-78
1411801904325,-78
1411801904643,-80
1411801904692,-80
1411801907122,-79
1411801907161,-79
1411801909337,-78
1411801909368,-78
1411801910001,-77
1411801910031,-77
1411801910329,-78
1411801910354,-78
1411801911071,-76
1411801911202,-76
1411801911749,-78
1411801911879,-78
1411801913177,-80
1411801913196,-80
1411801914602,-80
1411801914627,-80
1411801915273,-81
1411801915305,-81
1411801915983,-80
1411801916009,-80
1411801919184,-78
1411801919619,-82
1411801921312,-80
1411801921363,-80
1411801925772,-81
1411801925928,-81
1411801926358,-82
1411801926378,-82
1411801926728,-80
1411801926753,-80
1411801927020,-78
1411801927061,-78
1411801927731,-85
1411801927761,-85
1411801928170,-84
1411801928213,-84
1411801928620,-78
1411801928643,-78
1411801929257,-80
1411801929282,-80
1411801929503,-80
1411801929523,-80
1411801929901,-79
1411801929923,-79
1411801930214,-81
1411801930267,-81
1411801930649,-82
1411801930765,-82
1411801933059,-78
1411801933400,-78
1411801933424,-78
1411801933743,-82
1411801933769,-82
1411801935192,-82
1411801935525,-81
1411801935570,-81
1411801935880,-78
1411801935916,-78
1411801936238,-78
1411801936265,-78
1411801936570,-81
1411801937989,-80
1411801938023,-80
1411801938347,-78
1411801938389,-78
1411801939768,-80
1411801940468,-80
1411801940491,-80
1411801942240,-80
1411801942267,-80
1411801942617,-80
1411801942715,-80
1411801944720,-77
1411801944751,-77
1411801945081,-80
1411801945119,-80
1411801945799,-79
1411801945834,-79
1411801946148,-76
1411801946203,-76
1411801947916,-81
1411801947948,-81
1411801948679,-81
1411801948703,-81
1411801948993,-77
1411801949026,-77
1411801949358,-78
1411801949408,-78
1411801951111,-81
1411801951140,-81
1411801951462,-78
1411801951485,-78
1411801952536,-80
1411801952556,-80
1411801952884,-81
1411801952923,-81
1411801953238,-80
1411801953274,-80
1411801955016,-80
1411801955040,-80
1411801955369,-81
1411801955405,-81
1411801956080,-78
1411801956112,-78
1411801956806,-78
1411801956831,-78
1411801957850,-88
1411801957887,-88
1411801959266,-74
1411801959287,-74
1411801960339,-86
1411801960377,-86
1411801963940,-79
1411801963964,-79
1411801964231,-79
1411801964267,-79
1411801964952,-74
1411801964987,-74
1411801965392,-79
1411801965427,-79
1411801965655,-78
1411801965750,-78
1411801967767,-77
1411801968123,-78
1411801968144,-78
1411801968482,-78
1411801968510,-78
1411801968827,-80
1411801968849,-80
1411801969184,-79
1411801969207,-79
1411801969894,-75
1411801969915,-75
1411801970251,-83
1411801970287,-83
1411801970625,-77
1411801970658,-77
1411801970959,-78
1411801970981,-78
1411801972013,-85
1411801972052,-85
1411801972363,-73
1411801972387,-73
1411801973099,-73
1411801973137,-73
1411801973436,-85
1411801973470,-85
1411801973864,-77
1411801973883,-77
1411801974874,-77
1411801974909,-77
1411801975222,-78
1411801975263,-78
1411801975613,-74
1411801975635,-74
1411801975935,-73
1411801975971,-73
1411801976645,-74
1411801976673,-74
1411801977002,-72
1411801977029,-72
1411801977358,-73
1411801977388,-73
1411801978074,-86
1411801978110,-86
1411801978412,-77
1411801978443,-77
1411801979469,-73
1411801979500,-73
1411801980577,-71
1411801980615,-71
1411801980905,-77
1411801980938,-77
1411801981607,-70
1411801981682,-70
1411801982323,-76
1411801983015,-78
1411801983039,-78
1411801984072,-81
1411801984092,-81
1411801984497,-75
1411801984525,-75
1411801984992,-71
1411801985018,-71
1411801985140,-76
1411801985166,-76
1411801985915,-74
1411801985936,-74
1411801986200,-80
1411801986224,-80
1411801986564,-81
1411801986589,-81
1411801986921,-87
1411801986946,-87
1411801988357,-72
1411801988378,-72
1411801988687,-75
1411801988730,-75
1411801989427,-72
1411801989508,-72
1411801990488,-87
1411801990525,-87
1411801991534,-74
1411801991565,-74
1411801991902,-80
1411801991938,-80
1411801992602,-80
1411801992624,-80
1411801992965,-81
1411801992998,-81
1411801993365,-82
1411801993484,-82
1411801993676,-72
1411801993697,-72
1411801994016,-75
1411801994039,-75
1411801994372,-74
1411801994393,-74
1411801994726,-77
1411801994754,-77
1411801995078,-76
1411801995157,-76
1411801995826,-82
1411801995880,-82
1411801996494,-76
1411801996520,-76
1411801996850,-83
1411801996876,-83
1411801997211,-82
1411801997243,-82
1411801998990,-79
1411801999015,-79
1411801999701,-76
1411801999735,-76
1411802000052,-78
1411802000073,-78
1411802000435,-80
1411802000465,-80
1411802000765,-81
1411802000786,-81
1411802001121,-77
1411802001152,-77
1411802002563,-77
1411802002705,-77
1411802002892,-71
1411802002918,-71
1411802003250,-74
1411802003273,-74
1411802003605,-79
1411802003627,-79
1411802003957,-73
1411802003981,-73
1411802004310,-79
1411802004338,-79
1411802004734,-74
1411802004755,-74
1411802005380,-78
1411802005416,-78
1411802005727,-78
1411802005761,-78
1411802007194,-77
1411802007221,-77
1411802007507,-69
1411802007528,-69
1411802007872,-69
1411802007902,-69
1411802008579,-77
1411802008605,-77
1411802008934,-76
1411802008973,-76
1411802009685,-78
1411802009708,-78
1411802010004,-78
1411802010044,-78
1411802010390,-71
1411802010437,-71
1411802011078,-77
1411802011114,-77
1411802011453,-78
1411802011487,-78
1411802011875,-76
1411802011927,-76
1411802012490,-70
1411802012519,-70
1411802013201,-71
1411802013228,-71
1411802014999,-75
1411802015034,-75
1411802015340,-74
1411802015362,-74
1411802016069,-75
1411802016100,-75
1411802016494,-82
1411802016528,-82
1411802016794,-76
1411802016824,-76
1411802017140,-70
1411802017194,-70
1411802017562,-78
1411802017597,-78
1411802017829,-75
1411802017865,-75
1411802019660,-74
1411802019682,-74
1411802019951,-77
1411802019977,-77
1411802020302,-71
1411802020327,-71
1411802020653,-70
1411802020679,-70
1411802021020,-75
1411802021055,-75
1411802022469,-75
1411802022570,-75
1411802024205,-71
1411802025257,-78
1411802025288,-78
1411802025626,-76
1411802025675,-76
1411802026687,-70
1411802026718,-70
1411802027036,-77
1411802027149,-77
1411802027394,-77
1411802027754,-79
1411802027776,-79
1411802028091,-76
1411802028115,-76
1411802028448,-75
1411802028470,-75
1411802028802,-75
1411802028838,-75
1411802029549,-75
1411802029571,-75
1411802029861,-71
1411802029881,-71
1411802030215,-75
1411802030241,-75
1411802030570,-75
1411802030590,-75
1411802030925,-74
1411802030953,-74
1411802031699,-70
1411802031721,-70
1411802031997,-74
1411802032024,-74
1411802032347,-70
1411802032372,-70
1411802032709,-75
1411802032743,-75
1411802033408,-69
1411802033432,-69
1411802033811,-77
1411802033843,-77
1411802034474,-77
1411802034503,-77
1411802034821,-70
1411802034842,-70
1411802035214,-70
1411802035278,-70
1411802035534,-70
1411802035566,-70
1411802035887,-76
1411802035926,-76
1411802036307,-77
1411802036333,-77
1411802036587,-75
1411802036612,-75
1411802036949,-75
1411802036970,-75
1411802037300,-76
1411802037337,-76
1411802037694,-75
1411802037714,-75
1411802038033,-71
1411802038070,-71
1411802038406,-75
1411802038427,-75
1411802038722,-76
1411802038749,-76
1411802040154,-77
1411802040197,-77
1411802040512,-76
1411802040548,-76
1411802041603,-75
1411802041628,-75
1411802042289,-77
1411802042321,-77
1411802042656,-75
1411802042697,-75
1411802043354,-75
1411802043398,-75
1411802043713,-76
1411802043752,-76
1411802044075,-74
1411802044107,-74
1411802044445,-75
1411802044528,-75
1411802044774,-71
1411802044800,-71
1411802045533,-77
1411802045552,-77
1411802045947,-71
1411802045994,-71
1411802046193,-78
1411802046222,-78
1411802046954,-78
1411802046986,-78
1411802047277,-76
1411802047305,-76
1411802047619,-69
1411802047657,-69
1411802047968,-74
1411802048015,-74
1411802048422,-75
1411802048472,-75
1411802048680,-70
1411802048705,-70
1411802049044,-70
1411802049080,-70
1411802049394,-70
1411802049424,-70
1411802050572,-74
1411802050596,-74
1411802050805,-68
1411802050889,-68
1411802051166,-69
1411802051205,-69
1411802051536,-76
1411802051875,-75
1411802051909,-75
1411802052236,-70
1411802052282,-70
1411802052992,-76
1411802053019,-76
1411802053317,-75
1411802053365,-75
1411802054012,-70
1411802054042,-70
1411802054383,-77
1411802054423,-77
1411802054719,-71
1411802054754,-71
1411802055183,-77
1411802055206,-77
1411802055432,-78
1411802055464,-78
1411802055790,-76
1411802055839,-76
1411802056145,-76
1411802056170,-76
1411802056862,-70
1411802056890,-70
1411802057211,-71
1411802057250,-71
1411802057915,-76
1411802057939,-76
1411802058275,-76
1411802058324,-76
1411802058637,-77
1411802058677,-77
1411802058987,-76
1411802059038,-76
1411802059371,-77
1411802059396,-77
1411802059734,-71
1411802059755,-71
1411802060037,-76
1411802060067,-76
1411802060403,-75
1411802060489,-75
1411802061468,-79
1411802061503,-79
1411802061916,-78
1411802061947,-78
1411802062258,-78
1411802062279,-78
1411802062520,-76
1411802062555,-76
1411802062874,-71
1411802062899,-71
1411802063230,-71
1411802063260,-71
1411802063579,-76
1411802063608,-76
1411802063940,-75
1411802063996,-75
1411802064435,-76
1411802064460,-76
1411802064644,-77
1411802064685,-77
1411802065720,-74
1411802065753,-74
1411802066083,-74
1411802066125,-74
1411802066417,-74
1411802066450,-74
1411802066846,-75
1411802066874,-75
1411802067119,-71
1411802067144,-71
1411802067474,-73
1411802067498,-73
1411802067841,-72
1411802067873,-72
1411802068289,-70
1411802068310,-70
1411802068543,-71
1411802068567,-71
1411802069256,-74
1411802069277,-74
1411802069613,-74
1411802069650,-74
1411802070328,-74
1411802070363,-74
1411802070675,-70
1411802070700,-70
1411802071027,-75
1411802071059,-75
1411802071750,-76
1411802071783,-76
1411802072127,-71
1411802072171,-71
1411802072812,-77
1411802072846,-77
1411802073192,-70
1411802073231,-70
1411802073921,-77
1411802073941,-77
1411802074232,-78
1411802074266,-78
1411802074603,-77
1411802074633,-77
1411802074944,-77
1411802074976,-77
1411802075293,-77
1411802075325,-77
1411802076110,-77
1411802076135,-77
1411802076364,-71
1411802076385,-71
1411802076727,-71
1411802076829,-71
1411802078218,-74
1411802078240,-74
1411802078496,-71
1411802078520,-71
1411802078855,-76
1411802078887,-76
1411802079560,-76
1411802079602,-76
1411802080261,-76
1411802080305,-76
1411802080616,-71
1411802080639,-71
1411802082039,-75
1411802082069,-75
1411802082798,-80
1411802082862,-80
1411802083101,-71
1411802083124,-71
1411802083463,-71
1411802083501,-71
1411802084166,-71
1411802084201,-71
1411802084518,-76
1411802084538,-76
1411802084882,-71
1411802084904,-71
1411802085251,-71
1411802085456,-71
1411802085992,-77
1411802086017,-77
1411802086288,-75
1411802086313,-75
1411802086664,-70
1411802086698,-70
1411802087361,-69
1411802087409,-69
1411802088073,-70
1411802088095,-70
1411802088790,-70
1411802089143,-70
1411802089620,-70
1411802089640,-70
1411802089841,-76
1411802089865,-76
1411802090202,-75
1411802090224,-75
1411802091284,-70
1411802091366,-70
1411802091632,-76
1411802091776,-76
1411802092049,-70
1411802092069,-70
1411802092374,-75
1411802092398,-75
1411802092702,-73
1411802092726,-73
1411802093065,-73
1411802093104,-73
1411802093416,-70
1411802093456,-70
1411802093762,-74
1411802093792,-74
1411802094841,-76
1411802094872,-76
1411802095240,-75
1411802095276,-75
1411802095895,-74
1411802095932,-74
1411802096239,-74
1411802096265,-74
1411802096953,-70
1411802096987,-70
1411802097310,-74
1411802097351,-74
1411802098039,-74
1411802098079,-74
1411802098374,-74
1411802098395,-74
1411802098850,-76
1411802098874,-76
1411802099081,-77
1411802099102,-77
1411802099440,-75
1411802099467,-75
1411802101211,-70
1411802101922,-77
1411802101961,-77
1411802102273,-76
1411802102311,-76
1411802102631,-74
1411802102687,-74
1411802104398,-76
1411802104424,-76
1411802105463,-76
1411802105509,-76
1411802105846,-74
1411802105883,-74
1411802106331,-69
1411802106350,-69
1411802106518,-76
1411802106539,-76
1411802107232,-76
1411802107263,-76
1411802107592,-75
1411802107625,-75
1411802107949,-76
1411802107982,-76
1411802108671,-74
1411802108719,-74
1411802109354,-76
1411802109378,-76
1411802110058,-75
1411802110081,-75
1411802110788,-73
1411802110812,-73
1411802111128,-69
1411802111147,-69
1411802111502,-69
1411802111522,-69
1411802111832,-70
1411802111867,-70
1411802112188,-70
1411802112217,-70
1411802113260,-75
1411802113282,-75
1411802113636,-70
1411802113682,-70
1411802113990,-74
1411802114047,-74
1411802114314,-70
1411802114338,-70
1411802114728,-70
1411802114765,-70
1411802115424,-77
1411802115458,-77
1411802115740,-74
1411802115808,-74
1411802116137,-76
1411802116172,-76
1411802116828,-76
1411802116875,-76
1411802117174,-70
1411802117213,-70
1411802117883,-78
1411802117916,-78
1411802118239,-70
1411802118264,-70
1411802119013,-71
1411802119045,-71
1411802119299,-72
1411802119322,-72
1411802120134,-79
1411802120153,-79
1411802121112,-76
1411802121193,-76
1411802121436,-75
1411802121469,-75
1411802121795,-70
1411802121830,-70
1411802122238,-75
1411802122273,-75
1411802123568,-75
1411802123589,-75
1411802123922,-74
1411802123941,-74
1411802124283,-76
1411802124316,-76
1411802124640,-75
1411802124677,-75
1411802125707,-76
1411802125750,-76
1411802126517,-77
1411802126553,-77
1411802126781,-71
1411802126815,-71
1411802127854,-75
1411802127886,-75
1411802128208,-77
1411802128247,-77
1411802128548,-79
1411802128572,-79
1411802128908,-78
1411802128944,-78
1411802129299,-72
1411802129337,-72
1411802129618,-78
1411802129656,-78
1411802130057,-76
1411802130081,-76
1411802130332,-71
1411802130376,-71
1411802130733,-79
1411802130762,-79
1411802131031,-77
1411802131083,-77
1411802131817,-75
1411802131840,-75
1411802132798,-75
1411802132844,-75
1411802133514,-71
1411802133561,-71
1411802134270,-77
1411802134626,-75
1411802134649,-75
1411802134930,-77
1411802134956,-77
1411802135293,-77
1411802135317,-77
1411802135648,-77
1411802135699,-77
1411802136000,-70
1411802136051,-70
1411802136347,-71
1411802136370,-71
1411802136713,-75
1411802136757,-75
1411802137069,-76
1411802137105,-76
1411802137791,-71
1411802137815,-71
1411802138123,-78
1411802138155,-78
1411802138482,-76
1411802138520,-76
1411802139187,-75
1411802139238,-75
1411802139562,-75
1411802139585,-75
1411802139889,-79
1411802140003,-79
1411802140240,-75
1411802140271,-75
1411802140948,-70
1411802141298,-78
1411802141330,-78
1411802141653,-74
1411802141677,-74
1411802142026,-70
1411802142065,-70
1411802142428,-76
1411802142453,-76
1411802142727,-80
1411802142760,-80
1411802143083,-71
1411802143120,-71
1411802143779,-74
1411802143802,-74
1411802145905,-70
1411802145924,-70
1411802146626,-70
1411802146663,-70
1411802147326,-75
1411802147449,-75
1411802148033,-74
1411802148060,-74
1411802148390,-76
1411802148410,-76
1411802148760,-78
1411802148780,-78
1411802149109,-79
1411802149135,-79
1411802150528,-76
1411802150552,-76
1411802151036,-71
1411802151062,-71
1411802151597,-74
1411802151633,-74
1411802152307,-75
1411802152326,-75
1411802152667,-76
1411802152758,-76
1411802153091,-70
1411802153115,-70
1411802154093,-69
1411802154151,-69
1411802154451,-76
1411802154483,-76
1411802154869,-70
1411802155153,-75
1411802155174,-75
1411802155507,-76
1411802155526,-76
1411802155891,-75
1411802155949,-75
1411802156237,-75
1411802156268,-75
1411802156624,-76
1411802156650,-76
1411802157301,-75
1411802157328,-75
1411802157636,-75
1411802157665,-75
1411802158003,-70
1411802158039,-70
1411802158393,-74
1411802158417,-74
1411802158708,-70
1411802158739,-70
1411802159186,-76
1411802159210,-76
1411802159400,-80
1411802159422,-80
1411802160119,-70
1411802160139,-70
1411802160833,-76
1411802160853,-76
1411802161191,-70
1411802161316,-70
1411802163347,-75
1411802163382,-75
1411802164042,-79
1411802164066,-79
1411802164384,-70
1411802164410,-70
1411802164730,-79
1411802164750,-79
1411802165129,-79
1411802165154,-79
1411802165448,-79
1411802165470,-79
1411802166865,-75
1411802166889,-75
1411802167575,-75
1411802167602,-75
1411802168648,-69
1411802168693,-69
1411802169036,-74
1411802169076,-74
1411802172189,-76
1411802172214,-76
1411802172551,-70
1411802172578,-70
1411802173261,-74
1411802173288,-74
1411802174330,-69
1411802175032,-75
1411802175062,-75
1411802175449,-75
1411802175483,-75
1411802176093,-75
1411802176267,-75
1411802176493,-68
1411802176517,-68
1411802177178,-75
1411802177213,-75
1411802177874,-75
1411802177915,-75
1411802178929,-74
1411802178954,-74
1411802179289,-76
1411802179316,-76
1411802180348,-73
1411802180371,-73
1411802180744,-72
1411802180770,-72
1411802181419,-71
1411802181440,-71
1411802181783,-75
1411802181853,-75
1411802182151,-81
1411802182175,-81
1411802183199,-72
1411802183224,-72
1411802183911,-78
1411802183942,-78
1411802184297,-79
1411802184339,-79
1411802184980,-74
1411802185018,-74
1411802185331,-74
1411802185352,-74
1411802185689,-71
1411802185723,-71
1411802186049,-74
1411802186083,-74
1411802186410,-71
1411802186443,-71
1411802188175,-74
1411802188214,-74
1411802188539,-71
1411802188569,-71
1411802188888,-71
1411802189627,-73
1411802189649,-73
1411802189951,-79
1411802189987,-79
1411802190308,-71
1411802190349,-71
1411802190653,-81
1411802190681,-81
1411802192454,-80
1411802192481,-80
1411802192778,-69
1411802192812,-69
1411802194301,-78
1411802194330,-78
1411802194532,-82
1411802194553,-82
1411802195603,-88
1411802195632,-88
1411802195958,-71
1411802195992,-71
1411802196301,-72
1411802196321,-72
1411802198132,-75
1411802198168,-75
1411802198441,-72
1411802198478,-72
1411802198793,-83
1411802198828,-83
1411802199486,-76
1411802199515,-76
1411802199844,-75
1411802199869,-75
1411802200199,-75
1411802200219,-75
1411802200561,-72
1411802200598,-72
1411802200953,-72
1411802200987,-72
1411802201269,-67
1411802201292,-67
1411802201622,-74
1411802201649,-74
1411802202044,-73
1411802202065,-73
1411802202338,-77
1411802202387,-77
1411802203055,-72
1411802203090,-72
1411802203418,-74
1411802203470,-74
1411802204128,-69
1411802204148,-69
1411802204475,-72
1411802204500,-72
1411802204833,-75
1411802204881,-75
1411802205183,-81
1411802205208,-81
1411802205544,-71
1411802205568,-71
1411802205901,-75
1411802205936,-75
1411802206251,-78
1411802206287,-78
1411802206632,-75
1411802206685,-75
1411802207318,-73
1411802207339,-73
1411802209126,-65
1411802209469,-76
1411802209832,-68
1411802210327,-70
1411802210352,-70
1411802210608,-77
1411802210870,-71
1411802210898,-71
1411802211227,-71
1411802211248,-71
1411802211592,-71
1411802211619,-71
1411802211951,-76
1411802211977,-76
1411802212302,-74
1411802212450,-74
1411802213011,-71
1411802213038,-71
1411802213367,-73
1411802213400,-73
1411802213727,-74
1411802213763,-74
1411802215140,-82
1411802215843,-75
1411802215863,-75
1411802216194,-76
1411802216218,-76
1411802216551,-75
1411802216583,-75
1411802217627,-73
1411802217653,-73
1411802217967,-73
1411802217990,-73
1411802218689,-70
1411802218713,-70
1411802219039,-78
1411802219070,-78
1411802219395,-76
1411802219419,-76
1411802219748,-73
1411802219791,-73
1411802220453,-73
1411802220473,-73
1411802221169,-73
1411802221191,-73
1411802221527,-69
1411802221549,-69
1411802221889,-81
1411802221918,-81
1411802222247,-80
1411802222280,-80
1411802222735,-73
1411802222757,-73
1411802222957,-81
1411802222989,-81
1411802223660,-80
1411802223686,-80
1411802224013,-73
1411802224041,-73
1411802224368,-74
1411802224392,-74
1411802225100,-72
1411802225233,-72
1411802225779,-72
1411802225813,-72
1411802226152,-70
1411802226186,-70
1411802226502,-78
1411802226525,-78
1411802226851,-71
1411802226896,-71
1411802228003,-82
1411802228023,-82
1411802230761,-72
1411802231125,-79
1411802231580,-72
1411802232526,-78
1411802232545,-78
1411802232890,-70
1411802232915,-70
1411802233250,-78
1411802233297,-78
1411802233601,-69
1411802233627,-69
1411802233955,-73
1411802233984,-73
1411802234661,-73
1411802234686,-73
1411802235030,-70
1411802235067,-70
1411802235370,-68
1411802235406,-68
1411802235719,-68
1411802235744,-68
1411802236441,-72
1411802236476,-72
1411802236863,-68
1411802236884,-68
1411802237520,-69
1411802237554,-69
1411802237850,-69
1411802237882,-69
1411802238564,-69
1411802238589,-69
1411802238957,-73
1411802239005,-73
1411802239269,-78
1411802239295,-78
1411802239640,-73
1411802239671,-73
1411802240100,-73
1411802240126,-73
1411802240705,-75
1411802240727,-75
1411802241089,-78
1411802241117,-78
1411802241405,-73
1411802241439,-73
1411802241762,-79
1411802241793,-79
1411802242121,-76
1411802242161,-76
1411802242468,-72
1411802242490,-72
1411802244988,-75
1411802245017,-75
1411802246754,-69
1411802246784,-69
1411802247094,-83
1411802247115,-83
1411802247797,-72
1411802247829,-72
1411802248510,-73
1411802248535,-73
1411802249213,-73
1411802249252,-73
1411802249917,-73
1411802249940,-73
1411802251741,-68
1411802251761,-68
1411802252053,-72
1411802252096,-72
1411802252879,-68
1411802252900,-68
1411802253113,-73
1411802253139,-73
1411802255605,-65
1411802255641,-65
1411802255968,-79
1411802257072,-72
1411802257428,-69
1411802257453,-69
1411802258127,-73
1411802258155,-73
1411802259508,-71
1411802259867,-72
1411802259912,-72
1411802260194,-81
1411802260222,-81
1411802260558,-72
1411802260593,-72
1411802260939,-70
1411802260979,-70
1411802261261,-75
1411802261289,-75
1411802263384,-75
1411802263761,-75
1411802264121,-70
1411802264144,-70
1411802264460,-76
1411802264488,-76
1411802264797,-77
1411802264827,-77
1411802265162,-79
1411802265229,-79
1411802265511,-68
1411802265535,-68
1411802265900,-72
1411802265928,-72
1411802266222,-75
1411802266253,-75
1411802268350,-72
1411802268707,-71
1411802268744,-71
1411802269065,-70
1411802269405,-79
1411802269432,-79
1411802269761,-68
1411802269787,-68
1411802270110,-79
1411802270134,-79
1411802270469,-73
1411802270506,-73
1411802270848,-69
1411802270889,-69
1411802271183,-77
1411802271218,-77
1411802271531,-78
1411802271567,-78
1411802271937,-68
1411802271956,-68
1411802272589,-71
1411802272617,-71
1411802272951,-77
1411802273002,-77
1411802273383,-68
1411802273403,-68
1411802274009,-69
1411802274041,-69
1411802274371,-70
1411802274409,-70
1411802274715,-79
1411802274751,-79
1411802275437,-70
1411802275475,-70
1411802276138,-74
1411802276163,-74
1411802276499,-74
1411802276548,-74
1411802276854,-72
1411802276914,-72
1411802277210,-72
1411802277252,-72
1411802278281,-71
1411802278302,-71
1411802278631,-75
1411802278669,-75
1411802278987,-80
1411802279022,-80
1411802279699,-80
1411802279744,-80
1411802280055,-77
1411802280084,-77
1411802280418,-70
1411802280469,-70
1411802281117,-75
1411802281155,-75
1411802281476,-80
1411802281500,-80
1411802281850,-70
1411802281895,-70
1411802282189,-76
1411802282211,-76
1411802282561,-79
1411802282619,-79
1411802282942,-70
1411802282961,-70
1411802283300,-68
1411802283340,-68
1411802283615,-71
1411802283656,-71
1411802284011,-81
1411802284043,-81
1411802284677,-72
1411802284758,-72
1411802285746,-86
1411802286450,-72
1411802286789,-82
1411802286820,-82
1411802287148,-69
1411802287172,-69
1411802287495,-73
1411802287526,-73
1411802287861,-69
1411802287947,-69
1411802288232,-72
1411802288255,-72
1411802288556,-69
1411802288581,-69
1411802288911,-83
1411802288954,-83
1411802289300,-86
1411802289373,-86
1411802290344,-74
1411802290463,-74
1411802290690,-73
1411802290715,-73
1411802291076,-85
1411802291135,-85
1411802292508,-69
1411802292825,-73
1411802293182,-69
1411802293210,-69
1411802293531,-73
1411802293562,-73
1411802294273,-73
1411802294586,-69
1411802294622,-69
1411802294950,-74
1411802294988,-74
1411802295311,-73
1411802295356,-73
1411802296030,-73
1411802296055,-73
1411802296374,-73
1411802296410,-73
1411802296760,-84
1411802296788,-84
1411802297450,-81
1411802297487,-81
1411802297798,-72
1411802297876,-72
1411802298155,-78
1411802298182,-78
1411802298618,-80
1411802298648,-80
1411802298867,-70
1411802298897,-70
1411802301694,-78
1411802301727,-78
1411802302117,-74
1411802302146,-74
1411802302753,-70
1411802302801,-70
1411802303127,-72
1411802303162,-72
1411802303447,-69
1411802303489,-69
1411802303801,-70
1411802303835,-70
1411802304528,-68
1411802304587,-68
1411802304874,-82
1411802304919,-82
1411802306294,-72
1411802306666,-70
1411802306690,-70
1411802307354,-74
1411802307397,-74
1411802307694,-78
1411802307722,-78
1411802308079,-77
1411802308159,-77
1411802309471,-85
1411802309490,-85
1411802310177,-72
1411802310195,-72
1411802310525,-76
1411802310545,-76
1411802311256,-71
1411802311333,-71
1411802312320,-73
1411802312686,-70
1411802313033,-81
1411802313369,-70
1411802313391,-70
1411802313733,-81
1411802313769,-81
1411802314079,-70
1411802314107,-70
1411802314439,-81
1411802314470,-81
1411802314801,-70
1411802314835,-70
1411802315158,-72
1411802315205,-72
1411802317283,-80
1411802317317,-80
1411802317642,-78
1411802317697,-78
1411802317988,-76
1411802318008,-76
1411802318736,-72
1411802318759,-72
1411802319052,-69
1411802319082,-69
1411802319411,-69
1411802319440,-69
1411802319767,-78
1411802319791,-78
1411802320124,-76
1411802320155,-76
1411802320487,-78
1411802320518,-78
1411802321284,-77
1411802321306,-77
1411802321550,-77
1411802321576,-77
1411802321906,-69
1411802321928,-69
1411802322289,-78
1411802322350,-78
1411802322994,-72
1411802323355,-78
1411802323374,-78
1411802323697,-69
1411802323733,-69
1411802324034,-69
1411802324059,-69
1411802324390,-69
1411802324419,-69
1411802324760,-70
1411802324801,-70
1411802326967,-77
1411802326988,-77
1411802327233,-76
1411802327269,-76
1411802327941,-70
1411802327977,-70
1411802328665,-76
1411802329018,-70
1411802329720,-72
1411802329800,-72
1411802330071,-78
1411802330097,-78
1411802330432,-79
1411802330466,-79
1411802330793,-75
1411802330830,-75
1411802332202,-72
1411802332238,-72
1411802332567,-82
1411802332750,-82
1411802333275,-73
1411802333313,-73
1411802333636,-68
1411802333674,-68
1411802333986,-72
1411802334083,-72
1411802334336,-78
1411802334360,-78
1411802334695,-67
1411802334718,-67
1411802335044,-70
1411802335085,-70
1411802335466,-73
1411802335489,-73
1411802336119,-73
1411802336161,-73
1411802336463,-72
1411802336485,-72
1411802336828,-78
1411802336867,-78
1411802337188,-72
1411802337229,-72
1411802337539,-78
1411802337578,-78
1411802337988,-69
1411802338009,-69
1411802338239,-72
1411802338273,-72
1411802338591,-82
1411802338615,-82
1411802340046,-73
1411802342156,-78
1411802342493,-78
1411802342518,-78
1411802342849,-74
1411802342873,-74
1411802343215,-78
1411802343247,-78
1411802343575,-72
1411802343599,-72
1411802343913,-73
1411802343936,-73
1411802346060,-78
1411802346086,-78
1411802346406,-80
1411802346438,-80
1411802347825,-78
1411802347864,-78
1411802348184,-75
1411802348526,-79
1411802348551,-79
1411802348890,-70
1411802348928,-70
1411802351035,-78
1411802351368,-72
1411802351404,-72
1411802352091,-79
1411802352124,-79
1411802352450,-79
1411802352497,-79
1411802352795,-79
1411802352820,-79
1411802353174,-79
1411802353225,-79
1411802353507,-78
1411802353537,-78
1411802356002,-70
1411802356044,-70
1411802356358,-77
1411802356395,-77
1411802356723,-69
1411802356779,-69
1411802357144,-79
1411802357417,-74
1411802357480,-74
1411802357776,-78
1411802357817,-78
1411802359626,-78
1411802359661,-78
1411802359910,-73
1411802359935,-73
1411802360609,-69
1411802360654,-69
1411802362025,-73
1411802362378,-81
1411802362432,-81
1411802362729,-73
1411802362753,-73
1411802363075,-74
1411802363129,-74
1411802363447,-70
1411802363487,-70
1411802365207,-75
1411802365236,-75
1411802368031,-73
1411802368053,-73
1411802369449,-76
1411802369808,-78
1411802370163,-74
1411802370532,-76
1411802371238,-74
1411802371624,-79
1411802371643,-79
1411802371956,-73
1411802372109,-73
1411802372281,-74
1411802372312,-74
1411802372637,-73
1411802372666,-73
1411802372991,-73
1411802373025,-73
1411802373703,-72
1411802373731,-72
1411802374054,-74
1411802374101,-74
1411802374419,-72
1411802374453,-72
1411802375108,-73
1411802375131,-73
1411802375475,-74
1411802375526,-74
1411802375866,-72
1411802375890,-72
1411802376169,-74
1411802376192,-74
1411802376531,-74
1411802376561,-74
1411802377244,-79
1411802377274,-79
1411802377604,-74
1411802377634,-74
1411802377963,-74
1411802378003,-74
1411802378389,-79
1411802378423,-79
1411802378663,-72
1411802378684,-72
1411802379050,-74
1411802379112,-74
1411802379402,-79
1411802379422,-79
1411802379726,-73
1411802379748,-73
1411802380186,-79
1411802380215,-79
1411802380425,-74
1411802380446,-74
1411802381509,-73
1411802381557,-73
1411802382912,-74
1411802382959,-74
1411802383630,-73
1411802383707,-73
1411802383975,-72
1411802384006,-72
1411802386109,-73
1411802386862,-73
1411802386885,-73
1411802387526,-74
1411802387581,-74
1411802387873,-73
1411802387908,-73
1411802388299,-78
1411802388337,-78
1411802388571,-72
1411802388602,-72
1411802388920,-79
1411802388942,-79
1411802389286,-73
1411802389323,-73
1411802389668,-78
1411802389692,-78
1411802389987,-73
1411802390018,-73
1411802390345,-73
1411802390376,-73
1411802390770,-73
1411802390797,-73
1411802391054,-75
1411802391086,-75
1411802391412,-82
1411802391460,-82
1411802391764,-78
1411802391838,-78
1411802392139,-75
1411802392165,-75
1411802393194,-72
1411802393215,-72
1411802395694,-78
1411802396392,-77
1411802396428,-77
1411802396739,-75
1411802396782,-75
1411802397099,-70
1411802397139,-70
1411802397807,-70
1411802397827,-70
1411802398156,-70
1411802398182,-70
1411802398509,-70
1411802398579,-70
1411802398873,-70
1411802398898,-70
1411802399596,-77
1411802399619,-77
1411802400287,-74
1411802400308,-74
1411802400648,-70
1411802400670,-70
1411802401737,-79
1411802401769,-79
1411802402418,-71
1411802402438,-71
1411802402773,-70
1411802402792,-70
1411802403130,-76
1411802403159,-76
1411802403487,-70
1411802403554,-70
1411802404194,-84
1411802404224,-84
1411802406052,-69
1411802406074,-69
1411802406316,-74
1411802406350,-74
1411802406674,-68
1411802406708,-68
1411802407022,-69
1411802407046,-69
1411802407763,-70
1411802407790,-70
1411802408079,-71
1411802408100,-71
1411802408780,-72
1411802408802,-72
1411802409129,-62
1411802409149,-62
1411802409487,-72
1411802409528,-72
1411802409838,-68
1411802409859,-68
1411802410599,-70
1411802410620,-70
1411802410896,-70
1411802410918,-70
1411802411244,-69
1411802411266,-69
1411802411598,-68
1411802411637,-68
1411802411953,-65
1411802411979,-65
1411802412359,-65
1411802412390,-65
1411802412685,-66
1411802412711,-66
1411802413020,-65
1411802413055,-65
1411802413552,-72
1411802413574,-72
1411802413721,-64
1411802413740,-64
1411802414470,-64
1411802414492,-64
1411802414805,-64
1411802414827,-64
1411802415135,-63
1411802415158,-63
1411802415487,-63
1411802415508,-63
1411802416218,-73
1411802416239,-73
1411802416910,-73
1411802416986,-73
1411802417695,-64
1411802417721,-64
1411802418319,-64
1411802418344,-64
1411802418678,-62
1411802418706,-62
1411802419060,-65
1411802419386,-63
1411802419408,-63
1411802419786,-62
1411802419810,-62
1411802420110,-64
1411802420137,-64
1411802420448,-65
1411802420478,-65
1411802420892,-72
1411802420920,-72
1411802421168,-64
1411802421195,-64
1411802421897,-64
1411802421918,-64
1411802422227,-64
1411802422248,-64
1411802422625,-68
1411802422652,-68
1411802422952,-73
1411802422977,-73
1411802423306,-71
1411802423375,-71
1411802423741,-75
1411802423768,-75
1411802424001,-84
1411802424038,-84
1411802424477,-66
1411802424505,-66
1411802424714,-69
1411802424734,-69
1411802425067,-76
1411802425086,-76
1411802425834,-72
1411802425986,-72
1411802426479,-65
1411802426499,-65
1411802426865,-64
1411802426887,-64
1411802427280,-65
1411802427315,-65
1411802427908,-70
1411802428360,-75
1411802428386,-75
1411802428642,-67
1411802428669,-67
1411802428971,-66
1411802428999,-66
1411802429676,-65
1411802429698,-65
1411802430069,-72
1411802430091,-72
1411802430384,-66
1411802430408,-66
1411802430867,-73
1411802430893,-73
1411802431091,-74
1411802431112,-74
1411802431862,-75
1411802431890,-75
1411802432161,-74
1411802432182,-74
1411802432515,-73
1411802432544,-73
1411802433109,-74
1411802433133,-74
1411802433581,-74
1411802433602,-74
1411802434395,-66
1411802434430,-66
1411802435086,-66
1411802435119,-66
1411802435384,-75
1411802435552,-75
1411802436540,-66
1411802436603,-66
1411802436771,-66
1411802436796,-66
1411802437219,-66
1411802437254,-66
1411802437555,-73
1411802437605,-73
1411802438308,-65
1411802438360,-65
1411802439087,-65
1411802439117,-65
1411802439252,-65
1411802439273,-65
1411802440326,-65
1411802440350,-65
1411802440770,-65
1411802440790,-65
1411802441065,-65
1411802441085,-65
1411802442104,-73
1411802442127,-73
1411802442502,-73
1411802442538,-73
1411802442827,-65
1411802442858,-65
1411802443235,-65
1411802443268,-65
1411802443532,-65
1411802443553,-65
1411802443893,-73
1411802443919,-73
1411802444693,-65
1411802444714,-65
1411802444970,-65
1411802444995,-65
1411802445268,-65
1411802445386,-65
1411802445969,-65
1411802446016,-65
1411802446377,-65
1411802446400,-65
1411802447060,-73
1411802447082,-73
1411802447907,-65
1411802447928,-65
1411802448101,-72
1411802448123,-72
1411802448563,-65
1411802448584,-65
1411802448884,-65
1411802448913,-65
1411802449272,-65
1411802449307,-65
1411802449606,-65
1411802449626,-65
1411802450294,-72
1411802450320,-72
1411802450651,-65
1411802450670,-65
1411802451320,-65
1411802451341,-65
1411802451684,-65
1411802451721,-65
1411802452030,-66
1411802452080,-66
1411802452477,-65
1411802452504,-65
1411802452742,-74
1411802452764,-74
1411802454157,-65
1411802454184,-65
1411802454511,-73
1411802454532,-73
1411802455582,-65
1411802455604,-65
1411802456006,-75
1411802456040,-75
1411802456299,-66
1411802456324,-66
1411802456651,-66
1411802456677,-66
1411802457462,-66
1411802457483,-66
1411802457793,-65
1411802457837,-65
1411802458153,-76
1411802458184,-76
1411802459129,-75
1411802459152,-75
1411802459491,-66
1411802459602,-66
1411802460644,-66
1411802460666,-66
1411802460913,-66
1411802460938,-66
1411802461267,-66
1411802461291,-66
1411802462176,-65
1411802462199,-65
1411802462348,-65
1411802462379,-65
1411802464111,-74
1411802464135,-74
1411802464923,-65
1411802464951,-65
1411802465030,-73
1411802465054,-73
1411802465169,-74
1411802465225,-74
1411802465903,-65
1411802465922,-65
1411802466227,-74
1411802466259,-74
1411802467338,-65
1411802467410,-65
1411802468713,-75
1411802468779,-75
1411802469461,-66
1411802469485,-66
1411802471208,-66
1411802471227,-66
1411802471603,-66
1411802471623,-66
1411802471990,-66
1411802472015,-66
1411802472274,-74
1411802472303,-74
1411802472844,-65
1411802472871,-65
1411802472985,-66
1411802473006,-66
1411802473731,-74
1411802473751,-74
1411802474053,-65
1411802474077,-65
1411802474404,-65
1411802474428,-65
1411802474808,-66
1411802474839,-66
1411802475474,-65
1411802475502,-65
1411802475834,-65
1411802475873,-65
1411802476179,-66
1411802476204,-66
1411802476531,-75
1411802476892,-65
1411802476915,-65
1411802477259,-65
1411802477306,-65
1411802477634,-74
1411802477784,-74
1411802479029,-65
1411802479098,-65
1411802480638,-75
1411802481217,-65
1411802481559,-74
1411802481620,-74
1411802481876,-66
1411802481899,-66
1411802482274,-65
1411802482307,-65
1411802482597,-75
1411802482628,-75
1411802483053,-65
1411802483077,-65
1411802484010,-65
1411802484031,-65
1411802484360,-66
1411802484381,-66
1411802485139,-65
1411802485164,-65
1411802485431,-65
1411802485495,-65
1411802486142,-74
1411802486164,-74
1411802486497,-65
1411802486520,-65
1411802488297,-65
1411802488322,-65
1411802488742,-75
1411802488765,-75
1411802488981,-65
1411802489005,-65
1411802490047,-75
1411802490071,-75
1411802490407,-66
1411802490425,-66
1411802490799,-74
1411802490819,-74
1411802491116,-75
1411802491137,-75
1411802491476,-74
1411802491508,-74
1411802492188,-65
1411802492552,-75
1411802492892,-65
1411802492926,-65
1411802493332,-75
1411802493354,-75
1411802493599,-65
1411802493636,-65
1411802493944,-66
1411802493965,-66
1411802494362,-65
1411802494391,-65
1411802494653,-75
1411802494677,-75
1411802495005,-66
1411802495035,-66
1411802495405,-74
1411802495425,-74
1411802496125,-65
1411802496167,-65
1411802496437,-66
1411802496460,-66
1411802496794,-75
1411802496894,-75
1411802497219,-66
1411802497252,-66
1411802497496,-74
1411802497528,-74
1411802498206,-66
1411802498234,-66
1411802498561,-65
1411802498594,-65
1411802498918,-74
1411802498983,-74
1411802499270,-65
1411802499297,-65
1411802499628,-74
1411802499674,-74
1411802500104,-65
1411802500130,-65
1411802500334,-66
1411802500678,-65
1411802500708,-65
1411802501111,-74
1411802501144,-74
1411802501382,-66
1411802501411,-66
1411802502240,-65
1411802502266,-65
1411802502434,-75
1411802502458,-75
1411802502797,-66
1411802502818,-66
1411802503177,-65
1411802503215,-65
1411802503505,-65
1411802503529,-65
1411802503970,-66
1411802503990,-66
1411802504253,-65
1411802504273,-65
1411802505019,-66
1411802505046,-66
1411802505648,-65
1411802505681,-65
1411802506125,-65
1411802506157,-65
1411802506363,-65
1411802506401,-65
1411802507067,-66
1411802507087,-66
1411802507417,-66
1411802507442,-66
1411802507812,-65
1411802507845,-65
1411802508510,-65
1411802508532,-65
1411802508841,-75
1411802508865,-75
1411802509681,-66
1411802509713,-66
1411802509900,-73
1411802509935,-73
1411802510306,-66
1411802510337,-66
1411802511069,-65
1411802511102,-65
1411802511691,-65
1411802511725,-65
1411802512047,-65
1411802512081,-65
1411802512459,-66
1411802512493,-66
1411802512766,-74
1411802512808,-74
1411802513962,-74
1411802513987,-74
1411802514177,-66
1411802514205,-66
1411802514561,-76
1411802514585,-76
1411802514902,-66
1411802514936,-66
1411802515242,-66
1411802515288,-66
1411802515600,-75
1411802515623,-75
1411802516301,-65
1411802516333,-65
1411802516725,-66
1411802516750,-66
1411802517002,-76
1411802517035,-76
1411802517365,-66
1411802517403,-66
1411802517774,-75
1411802517806,-75
1411802518181,-66
1411802518226,-66
1411802518430,-75
1411802518453,-75
1411802518794,-65
1411802518827,-65
1411802519142,-75
1411802519176,-75
1411802519847,-65
1411802519866,-65
1411802520199,-65
1411802520224,-65
1411802520571,-74
1411802520594,-74
1411802521017,-65
1411802521048,-65
1411802521268,-74
1411802521308,-74
1411802521628,-74
1411802521659,-74
1411802522071,-65
1411802522338,-66
1411802522366,-66
1411802522698,-66
1411802522828,-66
1411802523036,-65
1411802523061,-65
1411802523431,-66
1411802523464,-66
1411802523769,-75
1411802523799,-75
1411802524908,-66
1411802524941,-66
1411802525518,-66
1411802525548,-66
1411802525901,-66
1411802525924,-66
1411802526237,-75
1411802526269,-75
1411802526588,-65
1411802526622,-65
1411802526940,-65
1411802526965,-65
1411802527290,-66
1411802527319,-66
1411802527708,-65
1411802527736,-65
1411802528001,-66
1411802528023,-66
1411802528359,-75
1411802528392,-75
1411802528715,-71
1411802528811,-71
1411802529069,-65
1411802529116,-65
1411802529456,-66
1411802529477,-66
1411802529818,-75
1411802529866,-75
1411802530257,-65
1411802530284,-65
1411802530864,-65
1411802530891,-65
1411802531565,-71
1411802531590,-71
1411802531923,-66
1411802531963,-66
1411802532264,-65
1411802532284,-65
1411802532718,-66
1411802532741,-66
1411802532978,-66
1411802533010,-66
1411802533370,-65
1411802533394,-65
1411802533685,-66
1411802533708,-66
1411802534131,-75
1411802534164,-75
1411802534753,-65
1411802534785,-65
1411802535466,-65
1411802535536,-65
1411802535820,-65
1411802535851,-65
1411802536949,-75
1411802536987,-75
1411802537245,-66
1411802537283,-66
1411802538051,-66
1411802538072,-66
1411802539409,-66
1411802539431,-66
1411802540141,-75
1411802540165,-75
1411802540420,-65
1411802540442,-65
1411802540788,-66
1411802540823,-66
1411802541856,-65
1411802541894,-65
1411802542318,-75
1411802542340,-75
1411802542554,-66
1411802542579,-66
1411802542916,-65
1411802542940,-65
1411802543279,-66
1411802543306,-66
1411802544470,-65
1411802544490,-65
1411802544676,-74
1411802544702,-74
1411802545026,-66
1411802545085,-66
1411802545379,-65
1411802545408,-65
1411802546179,-65
1411802546211,-65
1411802546452,-65
1411802546592,-65
1411802546803,-65
1411802546828,-65
1411802547550,-66
1411802547573,-66
1411802547875,-65
1411802547900,-65
1411802548259,-65
1411802548303,-65
1411802548581,-66
1411802548622,-66
1411802549294,-66
1411802549328,-66
1411802549645,-75
1411802549689,-75
1411802549996,-65
1411802550020,-65
1411802550725,-66
1411802550755,-66
1411802551094,-66
1411802551127,-66
1411802551413,-66
1411802551448,-66
1411802552554,-75
1411802552580,-75
1411802553950,-75
1411802553986,-75
1411802554259,-66
1411802554282,-66
1411802554624,-65
1411802554662,-65
1411802554963,-66
1411802554988,-66
1411802555364,-65
1411802555402,-65
1411802555677,-75
1411802555705,-75
1411802556034,-65
1411802556056,-65
1411802556742,-74
1411802556784,-74
1411802558522,-65
1411802559007,-66
1411802559031,-66
1411802559220,-75
1411802559251,-75
1411802560285,-66
1411802560355,-66
1411802560637,-65
1411802560662,-65
1411802561077,-65
1411802561099,-65
1411802561341,-66
1411802561368,-66
1411802562472,-65
1411802562504,-65
1411802562770,-65
1411802562802,-65
1411802563120,-66
1411802563145,-66
1411802563520,-66
1411802563544,-66
1411802563833,-75
1411802563865,-75
1411802564219,-65
1411802564297,-65
1411802564562,-75
1411802564585,-75
1411802564925,-75
1411802564958,-75
1411802565264,-75
1411802565306,-75
1411802565605,-66
1411802565637,-66
1411802565957,-65
1411802565987,-65
1411802566354,-76
1411802566382,-76
1411802566684,-66
1411802566723,-66
1411802567033,-71
1411802567073,-71
1411802567370,-66
1411802567402,-66
1411802567721,-65
1411802567744,-65
1411802568078,-66
1411802568102,-66
1411802568814,-74
1411802568842,-74
1411802569236,-76
1411802569267,-76
1411802569515,-65
1411802569567,-65
1411802570231,-65
1411802570263,-65
1411802570616,-66
1411802570640,-66
1411802571040,-66
1411802571061,-66
1411802571279,-65
1411802571301,-65
1411802571635,-74
1411802571688,-74
1411802572000,-75
1411802572041,-75
1411802572363,-66
1411802572411,-66
1411802572713,-66
1411802572764,-66
1411802573067,-75
1411802573089,-75
1411802573447,-65
1411802573470,-65
1411802574239,-66
1411802574264,-66
1411802574488,-74
1411802574524,-74
1411802574951,-65
1411802574982,-65
1411802575558,-75
1411802575581,-75
1411802575911,-65
1411802575934,-65
1411802576391,-65
1411802576417,-65
1411802577728,-75
1411802577755,-75
1411802578054,-65
1411802578081,-65
1411802578501,-66
1411802578519,-66
1411802578768,-65
1411802578789,-65
1411802579152,-76
1411802579175,-76
1411802579837,-65
1411802579869,-65
1411802580222,-65
1411802580259,-65
1411802580543,-66
1411802580581,-66
1411802581251,-76
1411802581314,-76
1411802581604,-66
1411802581631,-66
1411802581961,-66
1411802581993,-66
1411802582337,-75
1411802582422,-75
1411802583367,-75
1411802583393,-75
1411802583716,-75
1411802583745,-75
1411802584081,-65
1411802584119,-65
1411802584427,-66
1411802584454,-66
1411802584784,-66
1411802584809,-66
1411802585239,-74
1411802585259,-74
1411802585490,-65
1411802585513,-65
1411802585862,-75
1411802585922,-75
1411802586931,-66
1411802586969,-66
1411802587982,-66
1411802588007,-66
1411802588342,-75
1411802588382,-75
1411802588720,-65
1411802588744,-65
1411802589049,-65
1411802589080,-65
1411802589780,-65
1411802589817,-65
1411802590824,-65
1411802590861,-65
1411802591170,-65
1411802591195,-65
1411802591528,-73
1411802591551,-73
1411802591893,-65
1411802591931,-65
1411802592267,-75
1411802592298,-75
1411802592627,-74
1411802592770,-74
1411802593299,-65
1411802593324,-65
1411802593654,-66
1411802593685,-66
1411802594014,-66
1411802594046,-66
1411802594365,-75
1411802594397,-75
1411802594908,-65
1411802594931,-65
1411802595068,-66
1411802595094,-66
1411802595424,-75
1411802595457,-75
1411802596154,-75
1411802596176,-75
1411802596495,-65
1411802596529,-65
1411802596855,-65
1411802596888,-65
1411802597211,-65
1411802597260,-65
1411802597944,-65
1411802597967,-65
1411802598275,-65
1411802598296,-65
1411802599717,-74
1411802599749,-74
1411802600082,-66
1411802600102,-66
1411802600410,-65
1411802600442,-65
1411802600765,-75
1411802600814,-75
1411802601141,-65
1411802601166,-65
1411802602531,-65
1411802602560,-65
1411802603953,-65
1411802603988,-65
1411802604740,-71
1411802604764,-71
1411802605009,-73
1411802605039,-73
1411802605367,-72
1411802605417,-72
1411802605764,-65
1411802605796,-65
1411802606089,-63
1411802606121,-63
1411802606423,-65
1411802606457,-65
1411802607480,-64
1411802607509,-64
1411802607844,-64
1411802607872,-64
1411802608178,-73
1411802608207,-73
1411802608530,-63
1411802608554,-63
1411802608884,-63
1411802608907,-63
1411802609243,-64
1411802609268,-64
1411802609593,-75
1411802609621,-75
1411802610110,-64
1411802610137,-64
1411802610716,-81
1411802610752,-81
1411802612105,-65
1411802612126,-65
1411802612452,-66
1411802612473,-66
1411802612796,-74
1411802612825,-74
1411802613523,-71
1411802613556,-71
1411802613862,-66
1411802613890,-66
1411802614261,-65
1411802614293,-65
1411802615011,-70
1411802615034,-70
1411802615271,-69
1411802615292,-69
1411802615626,-72
1411802615651,-72
1411802616042,-80
1411802616063,-80
1411802616341,-73
1411802616367,-73
1411802616697,-72
1411802616726,-72
1411802617054,-74
1411802617168,-74
1411802617421,-72
1411802617465,-72
1411802617766,-76
1411802617788,-76
1411802619189,-75
1411802619215,-75
1411802619543,-81
1411802619698,-81
1411802619891,-70
1411802619942,-70
1411802620603,-75
1411802620625,-75
1411802620963,-80
1411802620994,-80
1411802621305,-69
1411802621332,-69
1411802621672,-69
1411802621692,-69
1411802622085,-69
1411802622160,-69
1411802622386,-69
1411802622442,-69
1411802623074,-82
1411802623098,-82
1411802623487,-83
1411802623513,-83
1411802623803,-69
1411802623825,-69
1411802624212,-74
1411802624234,-74
1411802624887,-69
1411802624907,-69
1411802625585,-74
1411802625610,-74
1411802625917,-69
1411802625969,-69
1411802626265,-75
1411802626374,-75
1411802626985,-75
1411802627013,-75
1411802627370,-74
1411802627705,-80
1411802628038,-71
1411802628060,-71
1411802628398,-70
1411802628426,-70
1411802628895,-83
1411802628925,-83
1411802629111,-72
1411802629134,-72
1411802629808,-82
1411802629831,-82
1411802630234,-77
1411802630269,-77
1411802630560,-72
1411802630594,-72
1411802630882,-82
1411802630916,-82
1411802631234,-75
1411802631284,-75
1411802631942,-71
1411802631963,-71
1411802632280,-82
1411802632309,-82
1411802633350,-71
1411802633378,-71
1411802634131,-77
1411802634158,-77
1411802634458,-73
1411802634486,-73
1411802634926,-72
1411802634948,-72
1411802635122,-78
1411802635142,-78
1411802636207,-71
1411802636242,-71
1411802636599,-70
1411802636628,-70
1411802637004,-72
1411802637035,-72
1411802637248,-71
1411802637362,-71
1411802637974,-72
1411802637995,-72
1411802638340,-71
1411802638362,-71
1411802639068,-70
1411802639093,-70
1411802639435,-71
1411802639456,-71
1411802639743,-77
1411802639776,-77
1411802640124,-71
1411802640150,-71
1411802640944,-72
1411802640985,-72
1411802641689,-70
1411802641723,-70
1411802642594,-79
1411802642616,-79
1411802642951,-80
1411802642973,-80
1411802643703,-71
1411802643724,-71
1411802644015,-80
1411802644038,-80
1411802644422,-72
1411802644443,-72
1411802644718,-74
1411802644738,-74
1411802645794,-70
1411802645820,-70
1411802646133,-72
1411802646155,-72
1411802646592,-71
1411802646619,-71
1411802646848,-71
1411802646870,-71
1411802647228,-72
1411802647251,-72
1411802647912,-72
1411802647938,-72
1411802648270,-71
1411802648297,-71
1411802648619,-82
1411802648639,-82
1411802648988,-72
1411802649325,-78
1411802649360,-78
1411802649704,-79
1411802649725,-79
1411802650071,-80
1411802650092,-80
1411802650411,-70
1411802650432,-70
1411802650764,-80
1411802650916,-80
1411802651491,-71
1411802651516,-71
1411802651872,-71
1411802651897,-71
1411802652220,-71
1411802652252,-71
1411802652560,-70
1411802652606,-70
1411802652927,-71
1411802652961,-71
1411802653377,-79
1411802653397,-79
1411802653595,-70
1411802653617,-70
1411802654338,-71
1411802654368,-71
1411802655094,-77
1411802655178,-77
1411802655844,-71
1411802655865,-71
1411802656090,-80
1411802656114,-80
1411802656858,-71
1411802656889,-71
1411802657181,-78
1411802657221,-78
1411802657505,-70
1411802657537,-70
1411802658010,-71
1411802658030,-71
1411802658207,-79
1411802658226,-79
1411802658546,-79
1411802658571,-79
1411802658994,-71
1411802659023,-71
1411802659614,-80
1411802659635,-80
1411802660102,-71
1411802660177,-71
1411802660438,-72
1411802660461,-72
1411802661402,-71
1411802661424,-71
1411802662169,-80
1411802662202,-80
1411802662485,-81
1411802662523,-81
1411802662879,-71
1411802662915,-71
1411802663185,-71
1411802663221,-71
1411802663556,-70
1411802663581,-70
1411802663923,-72
1411802663945,-72
1411802664288,-71
1411802664320,-71
1411802664996,-71
1411802665018,-71
1411802665301,-80
1411802665327,-80
1411802665668,-80
1411802665690,-80
1411802666059,-72
1411802666094,-72
1411802666436,-82
1411802666458,-82
1411802666760,-72
1411802666785,-72
1411802667130,-71
1411802667154,-71
1411802667839,-71
1411802667871,-71
1411802668151,-71
1411802668175,-71
1411802669594,-81
1411802669623,-81
1411802670335,-79
1411802670361,-79
1411802670628,-71
1411802670653,-71
1411802671493,-80
1411802671517,-80
1411802671676,-71
1411802671699,-71
1411802672038,-80
1411802672060,-80
1411802672765,-71
1411802672798,-71
1411802673130,-72
1411802673165,-72
1411802673498,-80
1411802673521,-80
1411802673855,-80
1411802673888,-80
1411802674187,-71
1411802674218,-71
1411802674559,-71
1411802674591,-71
1411802675731,-71
1411802675752,-71
1411802675935,-80
1411802675969,-80
1411802676711,-80
1411802676734,-80
1411802677737,-72
1411802677757,-72
1411802678092,-71
1411802678111,-71
1411802678810,-71
1411802678838,-71
1411802679157,-71
1411802679190,-71
1411802679509,-80
1411802679545,-80
1411802679897,-71
1411802679929,-71
1411802680191,-81
1411802680257,-81
1411802680641,-81
1411802680666,-81
1411802681256,-72
1411802681289,-72
1411802681694,-70
1411802681725,-70
1411802681999,-71
1411802682031,-71
1411802682344,-71
1411802682424,-71
1411802682750,-71
1411802682782,-71
1411802683123,-80
1411802683143,-80
1411802683395,-80
1411802683419,-80
1411802684481,-72
1411802684519,-72
1411802684879,-71
1411802684905,-71
1411802685181,-71
1411802685208,-71
1411802685523,-72
1411802685659,-72
1411802686254,-70
1411802686285,-70
1411802686590,-72
1411802686934,-80
1411802686956,-80
1411802687732,-71
1411802687753,-71
1411802688004,-80
1411802688029,-80
1411802688728,-80
1411802688769,-80
1411802689099,-80
1411802689129,-80
1411802689437,-70
1411802689472,-70
1411802689817,-70
1411802689848,-70
1411802690292,-80
1411802690314,-80
1411802691296,-78
1411802691323,-78
1411802691581,-71
1411802691618,-71
1411802691934,-80
1411802691966,-80
1411802692406,-70
1411802692429,-70
1411802692650,-74
1411802692685,-74
1411802693011,-71
1411802694067,-81
1411802694111,-81
1411802694420,-72
1411802694453,-72
1411802694896,-71
1411802694920,-71
1411802695120,-80
1411802695144,-80
1411802695845,-71
1411802695882,-71
1411802696309,-71
1411802696332,-71
1411802696544,-79
1411802696582,-79
1411802697413,-71
1411802697437,-71
1411802697606,-81
1411802697681,-81
1411802697972,-71
1411802698003,-71
1411802698340,-70
1411802698372,-70
1411802698762,-70
1411802698800,-70
1411802699037,-80
1411802699065,-80
1411802699395,-70
1411802699421,-70
1411802699853,-71
1411802699876,-71
1411802700081,-81
1411802700103,-81
1411802700809,-80
1411802700843,-80
1411802701163,-71
1411802701185,-71
1411802701537,-72
1411802701576,-72
1411802701911,-72
1411802701942,-72
1411802702248,-70
1411802702272,-70
1411802702592,-71
1411802702620,-71
1411802704726,-71
1411802704757,-71
1411802705504,-71
1411802705524,-71
1411802705774,-72
1411802705795,-72
1411802706525,-71
1411802706558,-71
1411802707200,-71
1411802707219,-71
1411802707565,-72
1411802707591,-72
1411802708247,-72
1411802708273,-72
1411802708644,-71
1411802708675,-71
1411802708978,-79
1411802709311,-71
1411802709332,-71
1411802709735,-72
1411802709765,-72
1411802710079,-82
1411802710102,-82
1411802710390,-71
1411802710414,-71
1411802710731,-72
1411802710755,-72
1411802711090,-71
1411802711122,-71
1411802711545,-79
1411802711571,-79
1411802711799,-71
1411802711836,-71
1411802712503,-78
1411802712544,-78
1411802712853,-81
1411802712876,-81
1411802713212,-71
1411802713633,-80
1411802713713,-80
1411802714000,-70
1411802714275,-79
1411802714623,-80
1411802714650,-80
1411802715149,-71
1411802715193,-71
1411802715768,-80
1411802715798,-80
1411802716155,-71
1411802716175,-71
1411802716399,-72
1411802716430,-72
1411802717857,-71
1411802717879,-71
1411802718189,-79
1411802718214,-79
1411802719034,-71
1411802719066,-71
1411802719242,-71
1411802719269,-71
1411802719599,-71
1411802719621,-71
1411802720352,-70
1411802720376,-70
1411802720672,-71
1411802720709,-71
1411802721131,-71
1411802721158,-71
1411802721735,-71
1411802721766,-71
1411802722488,-70
1411802722506,-70
1411802722801,-80
1411802722820,-80
1411802723143,-72
1411802723166,-72
1411802723653,-80
1411802723672,-80
1411802724209,-80
1411802724230,-80
1411802724994,-70
1411802725070,-70
1411802725277,-80
1411802725311,-80
1411802726058,-72
1411802726086,-72
1411802727433,-79
1411802727510,-79
1411802727757,-71
1411802727784,-71
1411802728109,-72
1411802728142,-72
1411802728840,-71
1411802728877,-71
1411802729207,-71
1411802729237,-71
1411802729524,-80
1411802729553,-80
1411802731049,-71
1411802731072,-71
1411802731296,-80
1411802731335,-80
1411802731650,-80
1411802731670,-80
1411802732003,-81
1411802732022,-81
1411802733271,-71
1411802733308,-71
1411802733778,-71
1411802733797,-71
1411802734139,-79
1411802734172,-79
1411802734856,-72
1411802734890,-72
1411802735204,-71
1411802735236,-71
1411802735552,-72
1411802735578,-72
1411802736260,-80
1411802736285,-80
1411802737029,-71
1411802737112,-71
1411802737681,-82
1411802737722,-82
1411802738494,-71
1411802738515,-71
1411802738739,-72
1411802738762,-72
1411802739827,-71
1411802739856,-71
1411802740524,-71
1411802740561,-71
1411802740985,-71
1411802741008,-71
1411802741221,-71
1411802741247,-71
1411802741616,-71
1411802741647,-71
1411802741960,-80
1411802741992,-80
1411802742316,-81
1411802742340,-81
1411802742656,-82
1411802742697,-82
1411802743420,-71
1411802743445,-71
1411802743726,-70
1411802743747,-70
1411802744424,-70
1411802744445,-70
1411802745136,-82
1411802745159,-82
1411802745855,-82
1411802745882,-82
1411802746242,-71
1411802746262,-71
1411802746654,-71
1411802746686,-71
1411802746908,-82
1411802746932,-82
1411802747272,-71
1411802747305,-71
1411802748057,-83
1411802748079,-83
1411802749124,-71
1411802749144,-71
1411802749417,-71
1411802749437,-71
1411802749756,-71
1411802749791,-71
1411802750112,-83
1411802750133,-83
1411802750489,-71
1411802750521,-71
1411802750857,-84
1411802751221,-71
1411802751244,-71
1411802751525,-81
1411802751557,-81
1411802751884,-81
1411802751913,-81
1411802752251,-70
1411802752291,-70
1411802753014,-72
1411802753045,-72
1411802753290,-70
1411802753321,-70
1411802754350,-72
1411802754373,-72
1411802755129,-70
1411802755164,-70
1411802755410,-81
1411802755435,-81
1411802756151,-82
1411802756183,-82
1411802756606,-71
1411802756630,-71
1411802756831,-70
1411802756860,-70
1411802757553,-71
1411802757575,-71
1411802757957,-72
1411802757995,-72
1411802758258,-72
1411802758290,-72
1411802758961,-82
1411802758984,-82
1411802759315,-71
1411802759342,-71
1411802760087,-72
1411802760111,-72
1411802760789,-79
1411802760822,-79
1411802761602,-71
1411802761621,-71
1411802762150,-70
1411802762179,-70
1411802762596,-73
1411802762619,-73
1411802762861,-81
1411802762889,-81
1411802763591,-70
1411802763626,-70
1411802764381,-72
1411802764404,-72
1411802764637,-79
1411802764662,-79
1411802764999,-72
1411802765034,-72
1411802765746,-80
1411802765786,-80
1411802766140,-72
1411802766172,-72
1411802766412,-78
1411802766435,-78
1411802767122,-71
1411802767144,-71
1411802767521,-79
1411802767553,-79
1411802767842,-72
1411802767872,-72
1411802768211,-72
1411802768242,-72
1411802768692,-81
1411802768729,-81
1411802770730,-72
1411802770762,-72
1411802771063,-81
1411802771095,-81
1411802771412,-73
1411802771447,-73
1411802771775,-82
1411802771794,-82
1411802772100,-80
1411802772123,-80
1411802772874,-70
1411802772899,-70
1411802773313,-72
1411802773333,-72
1411802773511,-79
1411802773534,-79
1411802773904,-79
1411802773932,-79
1411802774242,-71
1411802774275,-71
1411802774700,-71
1411802774984,-71
1411802775113,-78
1411802775138,-78
1411802775305,-71
1411802775330,-71
1411802775731,-72
1411802775756,-72
1411802776358,-74
1411802776378,-74
1411802777067,-71
1411802777087,-71
1411802777854,-72
1411802777874,-72
1411802779198,-72
1411802779222,-72
1411802779590,-71
1411802779611,-71
1411802780612,-82
1411802780632,-82
1411802782173,-70
1411802782192,-70
1411802782412,-71
1411802782439,-71
1411802783108,-78
1411802783128,-78
1411802783499,-70
1411802783520,-70
1411802783823,-71
1411802783842,-71
1411802784221,-70
1411802784365,-70
1411802784908,-70
1411802784941,-70
1411802785595,-71
1411802785620,-71
1411802786707,-72
1411802786744,-72
1411802787089,-71
1411802787109,-71
1411802788092,-71
1411802788177,-71
1411802788440,-70
1411802788460,-70
1411802789970,-71
1411802789995,-71
1411802790618,-72
1411802790638,-72
1411802790953,-70
1411802790976,-70
1411802791281,-71
1411802791307,-71
1411802791681,-71
1411802791701,-71
1411802792103,-78
1411802792128,-78
1411802792340,-79
1411802792369,-79
1411802792866,-78
1411802792889,-78
1411802793051,-71
1411802793078,-71
1411802793553,-70
1411802793579,-70
1411802793778,-72
1411802793813,-72
1411802794122,-72
1411802794157,-72
1411802795269,-78
1411802795372,-78
1411802795560,-70
1411802795581,-70
1411802795906,-72
1411802795925,-72
1411802797311,-71
1411802797337,-71
1411802797702,-72
1411802797848,-72
1411802798780,-70
1411802798819,-70
1411802799091,-72
1411802799111,-72
1411802799527,-70
1411802799561,-70
1411802800526,-72
1411802800558,-72
1411802800907,-78
1411802800939,-78
1411802801219,-74
1411802801245,-74
1411802801924,-71
1411802801961,-71
1411802802305,-71
1411802802337,-71
1411802802656,-71
1411802802688,-71
1411802803437,-71
1411802803461,-71
1411802803691,-79
1411802803763,-79
1411802804795,-70
1411802804820,-70
1411802805109,-79
1411802805130,-79
1411802805490,-80
1411802805524,-80
1411802805961,-72
1411802805987,-72
1411802806172,-72
1411802806213,-72
1411802807592,-71
1411802807618,-71
1411802807950,-80
1411802807973,-80
1411802808762,-72
1411802808787,-72
1411802809002,-72
1411802809035,-72
1411802809445,-80
1411802809478,-80
1411802809734,-72
1411802809770,-72
1411802810062,-72
1411802810094,-72
1411802810802,-72
1411802810839,-72
1411802811510,-71
1411802811540,-71
1411802811840,-72
1411802811869,-72
1411802812187,-72
1411802812217,-72
1411802813105,-72
1411802813130,-72
1411802813246,-80
1411802813270,-80
1411802813610,-70
1411802813648,-70
1411802814005,-71
1411802814338,-72
1411802815094,-73
1411802815117,-73
1411802815493,-73
1411802815515,-73
1411802815732,-74
1411802815780,-74
1411802816123,-83
1411802816178,-83
1411802816433,-75
1411802816455,-75
1411802816808,-74
1411802816832,-74
1411802818201,-74
1411802818232,-74
1411802818555,-76
1411802818578,-76
1411802819260,-76
1411802819333,-76
1411802819616,-72
1411802819646,-72
1411802820023,-72
1411802820062,-72
1411802820401,-74
1411802820428,-74
1411802820683,-71
1411802820708,-71
