BD14/AEEF,RSSI
1411801357910,-75
1411801357931,-75
1411801358986,-72
1411801359011,-72
1411801359751,-72
1411801359783,-72
1411801360029,-87
1411801360063,-87
1411801361129,-72
1411801361150,-72
1411801361461,-72
1411801361485,-72
1411801361822,-73
1411801361848,-73
1411801362168,-82
1411801362228,-82
1411801362909,-71
1411801362933,-71
1411801363227,-78
1411801363251,-78
1411801363661,-70
1411801363696,-70
1411801363933,-74
1411801364016,-74
1411801364287,-81
1411801364340,-81
1411801365342,-82
1411801365368,-82
1411801366131,-80
1411801366161,-80
1411801366839,-82
1411801366858,-82
1411801367187,-80
1411801367208,-80
1411801367542,-77
1411801367569,-77
1411801367865,-70
1411801367886,-70
1411801368224,-81
1411801368245,-81
1411801368664,-78
1411801368703,-78
1411801369593,-70
1411801369614,-70
1411801370011,-70
1411801370046,-70
1411801370397,-79
1411801370432,-79
1411801370739,-80
1411801370784,-80
1411801371055,-80
1411801371077,-80
1411801371408,-77
1411801371445,-77
1411801372250,-78
1411801372297,-78
1411801373861,-80
1411801373883,-80
1411801374218,-82
1411801374250,-82
1411801375360,-82
1411801375381,-82
1411801376359,-84
1411801376383,-84
1411801377800,-80
1411801377824,-80
1411801378128,-79
1411801378154,-79
1411801378862,-76
1411801378910,-76
1411801379912,-78
1411801379937,-78
1411801380274,-72
1411801380310,-72
1411801380624,-76
1411801380651,-76
1411801381331,-70
1411801381370,-70
1411801381755,-78
1411801381775,-78
1411801382106,-71
1411801382126,-71
1411801382467,-70
1411801382491,-70
1411801382794,-79
1411801382816,-79
1411801383153,-80
1411801383177,-80
1411801383542,-78
1411801383578,-78
1411801383941,-71
1411801383978,-71
1411801384391,-79
1411801384413,-79
1411801385299,-71
1411801385339,-71
1411801385627,-78
1411801385649,-78
1411801385959,-71
1411801385991,-71
1411801386693,-77
1411801386716,-77
1411801387068,-77
1411801387098,-77
1411801387373,-79
1411801387394,-79
1411801387745,-71
1411801387772,-71
1411801388095,-70
1411801388121,-70
1411801388845,-79
1411801388869,-79
1411801389150,-72
1411801389180,-72
1411801389533,-71
1411801389557,-71
1411801390221,-71
1411801390251,-71
1411801390575,-71
1411801390607,-71
1411801390973,-78
1411801391057,-78
1411801391642,-71
1411801391667,-71
1411801392381,-79
1411801392408,-79
1411801392784,-78
1411801392815,-78
1411801393087,-78
1411801393107,-78
1411801393471,-77
1411801393506,-77
1411801393827,-71
1411801393847,-71
1411801394194,-71
1411801394216,-71
1411801394506,-79
1411801394528,-79
1411801394856,-71
1411801394880,-71
1411801395247,-71
1411801395291,-71
1411801395541,-71
1411801395579,-71
1411801395895,-71
1411801395928,-71
1411801396367,-78
1411801396393,-78
1411801396659,-71
1411801396695,-71
1411801397314,-82
1411801397348,-82
1411801399461,-77
1411801399842,-72
1411801399875,-72
1411801400201,-79
1411801400228,-79
1411801400591,-80
1411801400615,-80
1411801400901,-83
1411801400922,-83
1411801401251,-81
1411801401433,-81
1411801401709,-82
1411801401731,-82
1411801401998,-73
1411801402031,-73
1411801402354,-71
1411801402395,-71
1411801403460,-70
1411801403493,-70
1411801403816,-71
1411801403949,-71
1411801404221,-79
1411801404245,-79
1411801404503,-78
1411801404543,-78
1411801404848,-74
1411801404886,-74
1411801405485,-71
1411801405534,-71
1411801406283,-79
1411801406305,-79
1411801406574,-78
1411801406605,-78
1411801406898,-78
1411801406933,-78
1411801407260,-78
1411801407297,-78
1411801407616,-70
1411801407671,-70
1411801407963,-79
1411801407998,-79
1411801409386,-78
1411801409730,-78
1411801409758,-78
1411801410098,-71
1411801410450,-78
1411801411862,-72
1411801412340,-80
1411801412364,-80
1411801412624,-79
1411801412649,-79
1411801412974,-78
1411801412998,-78
1411801414840,-72
1411801414862,-72
1411801415134,-70
1411801415180,-70
1411801415510,-71
1411801415534,-71
1411801415897,-71
1411801415917,-71
1411801416170,-78
1411801416192,-78
1411801416561,-80
1411801416579,-80
1411801416855,-79
1411801416887,-79
1411801417602,-79
1411801417634,-79
1411801418034,-79
1411801418067,-79
1411801418315,-70
1411801418340,-70
1411801418988,-74
1411801419022,-74
1411801419395,-71
1411801419760,-78
1411801419791,-78
1411801420100,-78
1411801420139,-78
1411801420771,-71
1411801420812,-71
1411801421187,-72
1411801421235,-72
1411801421568,-78
1411801422011,-79
1411801422032,-79
1411801422216,-71
1411801423296,-77
1411801423316,-77
1411801423625,-76
1411801423648,-76
1411801425766,-80
1411801425793,-80
1411801426436,-71
1411801426471,-71
1411801427497,-78
1411801427529,-78
1411801427855,-78
1411801427899,-78
1411801428203,-79
1411801428227,-79
1411801428667,-79
1411801428699,-79
1411801429286,-70
1411801429321,-70
1411801429814,-71
1411801429842,-71
1411801430021,-71
1411801430054,-71
1411801430350,-71
1411801430372,-71
1411801430733,-79
1411801430802,-79
1411801431829,-71
1411801431848,-71
1411801432301,-71
1411801432319,-71
1411801432881,-79
1411801432927,-79
1411801433238,-77
1411801433277,-77
1411801433559,-77
1411801433597,-77
1411801434259,-80
1411801434286,-80
1411801434627,-76
1411801434664,-76
1411801435002,-75
1411801435029,-75
1411801435350,-77
1411801435383,-77
1411801435728,-73
1411801435766,-73
1411801436043,-81
1411801436068,-81
1411801436396,-81
1411801436429,-81
1411801436757,-87
1411801436796,-87
1411801438191,-83
1411801438211,-83
1411801438554,-71
1411801438585,-71
1411801438874,-81
1411801438920,-81
1411801439613,-72
1411801439646,-72
1411801440342,-81
1411801440366,-81
1411801440699,-80
1411801440734,-80
1411801441065,-71
1411801441105,-71
1411801441440,-82
1411801441472,-82
1411801441703,-81
1411801441727,-81
1411801442175,-72
1411801442291,-72
1411801442530,-82
1411801442560,-82
1411801442802,-71
1411801442827,-71
1411801443497,-79
1411801443517,-79
1411801443865,-71
1411801443891,-71
1411801444217,-71
1411801444250,-71
1411801444688,-72
1411801444713,-72
1411801444940,-72
1411801444973,-72
1411801445628,-71
1411801445675,-71
1411801446732,-79
1411801447203,-71
1411801447226,-71
1411801448214,-80
1411801448249,-80
1411801448441,-80
1411801448494,-80
1411801448836,-81
1411801448859,-81
1411801449209,-81
1411801449242,-81
1411801449586,-87
1411801449610,-87
1411801450018,-70
1411801450044,-70
1411801450569,-80
1411801450595,-80
1411801450975,-72
1411801451021,-72
1411801451355,-83
1411801451390,-83
1411801455603,-70
1411801455627,-70
1411801456324,-83
1411801456359,-83
1411801457008,-79
1411801457033,-79
1411801457687,-81
1411801457759,-81
1411801458385,-71
1411801458423,-71
1411801459562,-77
1411801459587,-77
1411801459831,-70
1411801459854,-70
1411801460568,-79
1411801460600,-79
1411801461661,-72
1411801461699,-72
1411801462039,-77
1411801462063,-77
1411801462331,-78
1411801462359,-78
1411801463001,-71
1411801463024,-71
1411801463398,-71
1411801463417,-71
1411801463740,-71
1411801463763,-71
1411801464057,-78
1411801464087,-78
1411801464472,-78
1411801464509,-78
1411801464860,-79
1411801464883,-79
1411801465178,-71
1411801465208,-71
1411801465538,-71
1411801465582,-71
1411801466251,-72
1411801466281,-72
1411801466649,-78
1411801466680,-78
1411801467253,-79
1411801467275,-79
1411801469039,-78
1411801469072,-78
1411801470515,-79
1411801470555,-79
1411801470877,-71
1411801470910,-71
1411801471178,-77
1411801471220,-77
1411801472285,-80
1411801472317,-80
1411801472596,-71
1411801472628,-71
1411801472989,-71
1411801473010,-71
1411801474011,-70
1411801474046,-70
1411801475594,-72
1411801476972,-77
1411801477228,-71
1411801477275,-71
1411801477619,-82
1411801477644,-82
1411801478089,-80
1411801478111,-80
1411801479068,-75
1411801479100,-75
1411801479811,-77
1411801479843,-77
1411801480124,-80
1411801480157,-80
1411801480793,-77
1411801480827,-77
1411801481166,-81
1411801481249,-81
1411801481480,-81
1411801481513,-81
1411801481839,-73
1411801481872,-73
1411801483299,-76
1411801483322,-76
1411801483621,-72
1411801483688,-72
1411801485056,-77
1411801485076,-77
1411801485418,-78
1411801485460,-78
1411801485742,-71
1411801485768,-71
1411801486095,-77
1411801486119,-77
1411801487183,-72
1411801487235,-72
1411801487552,-71
1411801487585,-71
1411801487912,-71
1411801487953,-71
1411801488985,-81
1411801489019,-81
1411801489311,-72
1411801489339,-72
1411801489733,-71
1411801489762,-71
1411801490029,-81
1411801490055,-81
1411801490423,-81
1411801490467,-81
1411801490786,-71
1411801490810,-71
1411801491091,-71
1411801491117,-71
1411801491489,-81
1411801491521,-81
1411801493221,-78
1411801493245,-78
1411801493569,-71
1411801493589,-71
1411801493897,-79
1411801493976,-79
1411801494239,-80
1411801494264,-80
1411801494590,-71
1411801494621,-71
1411801495319,-76
1411801495367,-76
1411801495701,-80
1411801495724,-80
1411801496041,-71
1411801496067,-71
1411801496378,-81
1411801496419,-81
1411801497439,-81
1411801497522,-81
1411801497796,-80
1411801497829,-80
1411801498168,-80
1411801498219,-80
1411801498545,-71
1411801498566,-71
1411801498866,-77
1411801498913,-77
1411801499221,-71
1411801499304,-71
1411801499561,-70
1411801499584,-70
1411801500984,-81
1411801501004,-81
1411801501328,-77
1411801501352,-77
1411801502038,-80
1411801502090,-80
1411801502392,-79
1411801502418,-79
1411801502741,-77
1411801502764,-77
1411801503504,-79
1411801503529,-79
1411801503800,-79
1411801503835,-79
1411801504174,-80
1411801504221,-80
1411801504900,-71
1411801504937,-71
1411801505591,-78
1411801505623,-78
1411801505990,-78
1411801506009,-78
1411801506301,-77
1411801506325,-77
1411801506657,-72
1411801506712,-72
1411801507725,-80
1411801508078,-79
1411801508206,-79
1411801508439,-78
1411801508474,-78
1411801509497,-77
1411801509520,-77
1411801509852,-79
1411801509872,-79
1411801510248,-70
1411801510290,-70
1411801510710,-78
1411801510733,-78
1411801511287,-74
1411801511320,-74
1411801511629,-70
1411801511655,-70
1411801511981,-78
1411801512010,-78
1411801512330,-69
1411801512362,-69
1411801513043,-78
1411801513073,-78
1411801513408,-70
1411801513434,-70
1411801513750,-81
1411801513771,-81
1411801514120,-78
1411801514164,-78
1411801514829,-70
1411801514902,-70
1411801515172,-70
1411801515197,-70
1411801515903,-80
1411801516264,-79
1411801516606,-71
1411801516638,-71
1411801517333,-78
1411801517372,-78
1411801517750,-80
1411801517815,-80
1411801518386,-71
1411801518423,-71
1411801518734,-78
1411801518762,-78
1411801519089,-70
1411801519113,-70
1411801519441,-79
1411801519469,-79
1411801519823,-71
1411801519864,-71
1411801521578,-70
1411801521599,-70
1411801521949,-79
1411801521982,-79
1411801523003,-78
1411801523340,-78
1411801523360,-78
1411801523706,-70
1411801523741,-70
1411801524873,-78
1411801524906,-78
1411801525476,-79
1411801525524,-79
1411801525900,-74
1411801525928,-74
1411801526537,-70
1411801526570,-70
1411801526896,-77
1411801526932,-77
1411801527946,-80
1411801527966,-80
1411801528305,-73
1411801528342,-73
1411801528664,-77
1411801528708,-77
1411801529078,-76
1411801529110,-76
1411801529374,-78
1411801529414,-78
1411801529720,-76
1411801529755,-76
1411801530427,-76
1411801530455,-76
1411801530787,-78
1411801530837,-78
1411801531135,-75
1411801531158,-75
1411801531498,-80
1411801531525,-80
1411801531861,-79
1411801531884,-79
1411801532215,-80
1411801532249,-80
1411801532574,-79
1411801532607,-79
1411801533067,-80
1411801533094,-80
1411801534001,-75
1411801534047,-75
1411801534758,-80
1411801534838,-80
1411801535045,-80
1411801535072,-80
1411801535409,-77
1411801535454,-77
1411801536480,-82
1411801536519,-82
1411801537177,-77
1411801537212,-77
1411801537542,-81
1411801537588,-81
1411801538117,-77
1411801538139,-77
1411801538586,-82
1411801538615,-82
1411801538939,-79
1411801538963,-79
1411801540364,-78
1411801540399,-78
1411801541070,-79
1411801541104,-79
1411801541476,-78
1411801541501,-78
1411801541776,-78
1411801541808,-78
1411801542137,-82
1411801542164,-82
1411801542497,-80
1411801542524,-80
1411801542851,-83
1411801542881,-83
1411801543215,-83
1411801543257,-83
1411801543944,-84
1411801544009,-84
1411801544287,-80
1411801544321,-80
1411801544647,-80
1411801544700,-80
1411801545003,-82
1411801545025,-82
1411801545380,-81
1411801545412,-81
1411801545734,-74
1411801545773,-74
1411801546059,-84
1411801546215,-84
1411801546769,-80
1411801546802,-80
1411801547147,-78
1411801547179,-78
1411801547501,-74
1411801547524,-74
1411801547824,-78
1411801547856,-78
1411801548180,-75
1411801548227,-75
1411801548538,-79
1411801548561,-79
1411801549271,-72
1411801549312,-72
1411801549614,-85
1411801549649,-85
1411801550088,-86
1411801550109,-86
1411801550725,-73
1411801550748,-73
1411801551108,-82
1411801551137,-82
1411801552167,-85
1411801552196,-85
1411801553878,-72
1411801553912,-72
1411801554323,-87
1411801554343,-87
1411801554926,-73
1411801554955,-73
1411801555284,-80
1411801555308,-80
1411801556395,-73
1411801556420,-73
1411801557069,-82
1411801557094,-82
1411801557590,-86
1411801557612,-86
1411801558202,-85
1411801558234,-85
1411801558531,-73
1411801558561,-73
1411801558879,-78
1411801558905,-78
1411801559186,-71
1411801559209,-71
1411801560607,-88
1411801560637,-88
1411801560964,-72
1411801560994,-72
1411801561353,-85
1411801561381,-85
1411801561671,-77
1411801561698,-77
1411801562033,-79
1411801562061,-79
1411801562748,-74
1411801562773,-74
1411801563485,-72
1411801563519,-72
1411801563821,-74
1411801563871,-74
1411801564894,-73
1411801565231,-71
1411801565258,-71
1411801565589,-80
1411801565633,-80
1411801566293,-74
1411801566326,-74
1411801567011,-74
1411801567098,-74
1411801568111,-74
1411801568132,-74
1411801568416,-83
1411801568442,-83
1411801569130,-73
1411801569158,-73
1411801569497,-73
1411801569546,-73
1411801570198,-72
1411801570225,-72
1411801570552,-73
1411801570584,-73
1411801570923,-76
1411801570945,-76
1411801571261,-73
1411801571292,-73
1411801571975,-73
1411801572014,-73
1411801572324,-71
1411801572347,-71
1411801572688,-77
1411801572719,-77
1411801573403,-72
1411801573429,-72
1411801573749,-72
1411801574103,-73
1411801574126,-73
1411801574455,-68
1411801574480,-68
1411801575177,-79
1411801575204,-79
1411801575538,-73
1411801575575,-73
1411801576120,-71
1411801576141,-71
1411801576585,-73
1411801576697,-73
1411801580140,-74
1411801580178,-74
1411801581201,-74
1411801581222,-74
1411801581545,-71
1411801581580,-71
1411801581942,-74
1411801581963,-74
1411801582274,-73
1411801582302,-73
1411801582597,-72
1411801582628,-72
1411801583669,-71
1411801583691,-71
1411801584385,-72
1411801584422,-72
1411801584783,-72
1411801584803,-72
1411801585132,-72
1411801585154,-72
1411801585862,-72
1411801585884,-72
1411801586228,-73
1411801586250,-73
1411801586653,-73
1411801586674,-73
1411801588342,-75
1411801588368,-75
1411801590100,-73
1411801590121,-73
1411801591479,-71
1411801591508,-71
1411801591892,-71
1411801591914,-71
1411801592288,-71
1411801592321,-71
1411801592663,-74
1411801592684,-74
1411801595062,-74
1411801596433,-71
1411801596455,-71
1411801596785,-71
1411801596808,-71
1411801597142,-75
1411801597166,-75
1411801597493,-71
1411801597524,-71
1411801597850,-75
1411801597875,-75
1411801598246,-74
1411801598268,-74
1411801598568,-75
1411801598607,-75
1411801598921,-75
1411801598947,-75
1411801599267,-74
1411801599300,-74
1411801599616,-75
1411801599641,-75
1411801599981,-74
1411801600029,-74
1411801600430,-75
1411801600456,-75
1411801600677,-71
1411801600701,-71
1411801601068,-74
1411801601088,-74
1411801601393,-75
1411801601430,-75
1411801601757,-75
1411801601828,-75
1411801602132,-73
1411801602172,-73
1411801602465,-71
1411801602486,-71
1411801602816,-73
1411801602869,-73
1411801603167,-75
1411801603191,-75
1411801603886,-71
1411801603926,-71
1411801604254,-73
1411801604276,-73
1411801604608,-71
1411801604635,-71
1411801604945,-75
1411801604987,-75
1411801607860,-74
1411801607892,-74
1411801608850,-71
1411801608879,-71
1411801609210,-73
1411801609255,-73
1411801609556,-71
1411801609579,-71
1411801610263,-73
1411801610288,-73
1411801611077,-75
1411801611109,-75
1411801611337,-73
1411801611373,-73
1411801611734,-75
1411801612108,-71
1411801612140,-71
1411801613177,-73
1411801613208,-73
1411801613507,-73
1411801613533,-73
1411801613929,-74
1411801613955,-74
1411801614171,-73
1411801614197,-73
1411801614586,-73
1411801614620,-73
1411801614997,-73
1411801615018,-73
1411801615275,-72
1411801615307,-72
1411801615678,-71
1411801615710,-71
1411801615957,-73
1411801615988,-73
1411801616663,-74
1411801616701,-74
1411801617121,-73
1411801617146,-73
1411801617445,-72
1411801617466,-72
1411801617730,-72
1411801617765,-72
1411801618082,-72
1411801618115,-72
1411801618432,-72
1411801618486,-72
1411801618801,-72
1411801618845,-72
1411801619152,-74
1411801619183,-74
1411801619496,-74
1411801619517,-74
1411801619895,-75
1411801620202,-71
1411801620226,-71
1411801620608,-71
1411801620626,-71
1411801620921,-74
1411801620941,-74
1411801621282,-74
1411801621305,-74
1411801621649,-74
1411801621807,-74
1411801621998,-75
1411801622026,-75
1411801622715,-72
1411801622742,-72
1411801623078,-72
1411801623110,-72
1411801623417,-76
1411801623464,-76
1411801624167,-74
1411801624189,-74
1411801624482,-74
1411801624513,-74
1411801624826,-73
1411801624847,-73
1411801625179,-73
1411801625199,-73
1411801626004,-74
1411801626028,-74
1411801626639,-72
1411801626680,-72
1411801627042,-75
1411801627067,-75
1411801627330,-75
1411801627361,-75
1411801628067,-72
1411801628097,-72
1411801628375,-72
1411801628408,-72
1411801628718,-71
1411801628754,-71
1411801629484,-73
1411801629516,-73
1411801629823,-73
1411801629856,-73
1411801630564,-72
1411801630597,-72
1411801631218,-72
1411801631243,-72
1411801631921,-73
1411801631954,-73
1411801632362,-72
1411801632385,-72
1411801632681,-72
1411801632706,-72
1411801633076,-73
1411801633100,-73
1411801633366,-73
1411801633396,-73
1411801633721,-72
1411801633772,-72
1411801634064,-72
1411801634089,-72
1411801635125,-71
1411801635163,-71
1411801635490,-75
1411801635537,-75
1411801636286,-74
1411801636309,-74
1411801636531,-76
1411801636553,-76
1411801636975,-73
1411801637093,-73
1411801637314,-72
1411801637334,-72
1411801637702,-74
1411801637734,-74
1411801638718,-74
1411801638754,-74
1411801639008,-74
1411801639033,-74
1411801639755,-75
1411801639777,-75
1411801640556,-74
1411801640574,-74
1411801640829,-74
1411801640855,-74
1411801641137,-74
1411801641175,-74
1411801642191,-73
1411801642212,-73
1411801642610,-72
1411801642991,-74
1411801643071,-74
1411801643291,-74
1411801643313,-74
1411801643617,-72
1411801643672,-72
1411801644397,-75
1411801644510,-75
1411801644703,-75
1411801644726,-75
1411801645036,-72
1411801645077,-72
1411801645461,-73
1411801645485,-73
1411801647274,-74
1411801647299,-74
1411801647555,-73
1411801647579,-73
1411801647914,-71
1411801647951,-71
1411801648232,-75
1411801648318,-75
1411801648972,-75
1411801648992,-75
1411801649751,-71
1411801649777,-71
1411801650009,-70
1411801650032,-70
1411801650475,-70
1411801650495,-70
1411801650704,-71
1411801650727,-71
1411801651477,-74
1411801651497,-74
1411801651817,-70
1411801651851,-70
1411801652480,-71
1411801652502,-71
1411801652875,-74
1411801653229,-71
1411801653252,-71
1411801653576,-71
1411801653602,-71
1411801654251,-71
1411801654288,-71
1411801655041,-74
1411801655068,-74
1411801655386,-73
1411801655429,-73
1411801655661,-75
1411801655689,-75
1411801656186,-71
1411801656207,-71
1411801656377,-74
1411801656397,-74
1411801657105,-74
1411801657129,-74
1411801657499,-73
1411801657535,-73
1411801658220,-74
1411801658335,-74
1411801658882,-74
1411801658919,-74
1411801659940,-73
1411801659965,-73
1411801660367,-72
1411801660403,-72
1411801660648,-76
1411801660672,-76
1411801661750,-73
1411801661784,-73
1411801662420,-72
1411801662449,-72
1411801662771,-72
1411801662793,-72
1411801663154,-74
1411801663178,-74
1411801663698,-72
1411801663719,-72
1411801664279,-68
1411801664313,-68
1411801664556,-72
1411801664590,-72
1411801664931,-74
1411801664965,-74
1411801665257,-74
1411801665282,-74
1411801665624,-72
1411801665657,-72
1411801666060,-72
1411801666079,-72
1411801666331,-73
1411801666375,-73
1411801666712,-73
1411801666745,-73
1411801667459,-74
1411801667498,-74
1411801668469,-73
1411801668499,-73
1411801668866,-73
1411801668930,-73
1411801669548,-73
1411801669579,-73
1411801669900,-74
1411801669924,-74
1411801670364,-74
1411801670391,-74
1411801670975,-73
1411801671007,-73
1411801671352,-73
1411801671376,-73
1411801672018,-72
1411801672050,-72
1411801672371,-75
1411801672396,-75
1411801672803,-74
1411801672825,-74
1411801673092,-73
1411801673134,-73
1411801673405,-73
1411801673453,-73
1411801673808,-74
1411801673831,-74
1411801674142,-74
1411801674179,-74
1411801674531,-73
1411801674556,-73
1411801674958,-74
1411801675002,-74
1411801675574,-74
1411801675631,-74
1411801676237,-72
1411801676264,-72
1411801676618,-72
1411801676641,-72
1411801677503,-74
1411801677524,-74
1411801678413,-75
1411801678448,-75
1411801678752,-74
1411801678801,-74
1411801679102,-74
1411801679135,-74
1411801679438,-75
1411801679468,-75
1411801679886,-72
1411801679917,-72
1411801680201,-70
1411801680227,-70
1411801680499,-74
1411801680523,-74
1411801680871,-74
1411801680903,-74
1411801681593,-72
1411801681617,-72
1411801681928,-73
1411801681960,-73
1411801682312,-73
1411801682336,-73
1411801682712,-73
1411801682744,-73
1411801682999,-74
1411801683024,-74
1411801683354,-72
1411801683397,-72
1411801683716,-75
1411801683760,-75
1411801684898,-72
1411801684922,-72
1411801685143,-74
1411801685196,-74
1411801685526,-72
1411801685551,-72
1411801685852,-73
1411801685882,-73
1411801686213,-74
1411801686245,-74
1411801686557,-72
1411801686580,-72
1411801686917,-75
1411801686948,-75
1411801687335,-72
1411801687360,-72
1411801687616,-75
1411801687650,-75
1411801687982,-72
1411801688019,-72
1411801688345,-72
1411801688414,-72
1411801688689,-75
1411801688729,-75
1411801689032,-73
1411801689064,-73
1411801689748,-74
1411801691227,-73
1411801691250,-73
1411801691879,-72
1411801691906,-72
1411801692247,-72
1411801692267,-72
1411801692585,-74
1411801692636,-74
1411801692956,-72
1411801693015,-72
1411801693312,-72
1411801693355,-72
1411801694444,-74
1411801694485,-74
1411801694721,-74
1411801694772,-74
1411801695143,-72
1411801695169,-72
1411801695448,-73
1411801695486,-73
1411801695786,-74
1411801695840,-74
1411801696220,-75
1411801696244,-75
1411801696497,-73
1411801696529,-73
1411801696851,-74
1411801696893,-74
1411801697590,-74
1411801697614,-74
1411801698290,-71
1411801698324,-71
1411801698722,-74
1411801698746,-74
1411801698974,-72
1411801698998,-72
1411801699687,-73
1411801699718,-73
1411801700087,-73
1411801700143,-73
1411801700392,-72
1411801700424,-72
1411801700757,-73
1411801700780,-73
1411801701536,-74
1411801701564,-74
1411801701819,-74
1411801701852,-74
1411801702168,-73
1411801702188,-73
1411801702547,-74
1411801702580,-74
1411801702971,-73
1411801703004,-73
1411801703646,-74
1411801703665,-74
1411801703951,-74
1411801703991,-74
1411801704368,-72
1411801704394,-72
1411801704647,-72
1411801704677,-72
1411801705396,-74
1411801705429,-74
1411801705722,-73
1411801705768,-73
1411801706427,-72
1411801706460,-72
1411801706784,-73
1411801706866,-73
1411801707485,-74
1411801707518,-74
1411801707837,-73
1411801707857,-73
1411801708299,-74
1411801708331,-74
1411801708637,-72
1411801708908,-72
1411801708940,-72
1411801709606,-73
1411801709629,-73
1411801709999,-74
1411801710032,-74
1411801711030,-75
1411801711059,-75
1411801711389,-72
1411801711430,-72
1411801712095,-73
1411801712442,-72
1411801712467,-72
1411801713270,-74
1411801713294,-74
1411801713874,-74
1411801713916,-74
1411801714267,-68
1411801714345,-68
1411801714939,-74
1411801714977,-74
1411801715703,-73
1411801715766,-73
1411801716003,-72
1411801716034,-72
1411801716367,-73
1411801716417,-73
1411801716740,-71
1411801716772,-71
1411801717787,-74
1411801717824,-74
1411801718133,-72
1411801718164,-72
1411801718542,-73
1411801718563,-73
1411801718858,-74
1411801718902,-74
1411801719210,-75
1411801719252,-75
1411801719562,-72
1411801719593,-72
1411801719962,-73
1411801719985,-73
1411801720620,-74
1411801720760,-74
1411801720973,-73
1411801720996,-73
1411801721382,-73
1411801721414,-73
1411801721689,-74
1411801721721,-74
1411801722045,-75
1411801722092,-75
1411801723159,-73
1411801723187,-73
1411801723495,-72
1411801723552,-72
1411801724187,-73
1411801724223,-73
1411801724532,-74
1411801724570,-74
1411801724889,-74
1411801724934,-74
1411801725255,-74
1411801725310,-74
1411801725944,-71
1411801725974,-71
1411801726305,-72
1411801726345,-72
1411801727024,-73
1411801727064,-73
1411801727410,-73
1411801727434,-73
1411801727714,-72
1411801727748,-72
1411801728129,-74
1411801728150,-74
1411801728447,-72
1411801728484,-72
1411801728787,-74
1411801728819,-74
1411801729491,-71
1411801729517,-71
1411801729849,-72
1411801729884,-72
1411801730277,-72
1411801730295,-72
1411801730553,-73
1411801730607,-73
1411801730907,-73
1411801730931,-73
1411801731288,-75
1411801731320,-75
1411801731616,-73
1411801731642,-73
1411801731997,-72
1411801732026,-72
1411801732685,-75
1411801732707,-75
1411801733041,-72
1411801733083,-72
1411801733390,-72
1411801733424,-72
1411801734210,-74
1411801734229,-74
1411801734836,-73
1411801734864,-73
1411801735175,-72
1411801735209,-72
1411801735897,-72
1411801735985,-72
1411801736250,-73
1411801736299,-73
1411801736962,-71
1411801736996,-71
1411801737309,-73
1411801737341,-73
1411801737660,-73
1411801737703,-73
1411801738026,-75
1411801738063,-75
1411801738374,-72
1411801738407,-72
1411801739109,-74
1411801739139,-74
1411801739488,-73
1411801739524,-73
1411801739789,-74
1411801739833,-74
1411801740551,-73
1411801740628,-73
1411801740902,-68
1411801740926,-68
1411801741196,-74
1411801741219,-74
1411801741600,-74
1411801741619,-74
1411801741904,-74
1411801741928,-74
1411801742272,-75
1411801742317,-75
1411801742619,-74
1411801742658,-74
1411801742964,-74
1411801742986,-74
1411801743349,-74
1411801743388,-74
1411801744023,-74
1411801744055,-74
1411801744372,-74
1411801744395,-74
1411801744797,-73
1411801744822,-73
1411801745263,-74
1411801745288,-74
1411801745435,-74
1411801745471,-74
1411801745970,-73
1411801745994,-73
1411801746145,-72
1411801746172,-72
1411801746581,-73
1411801746614,-73
1411801746862,-72
1411801746904,-72
1411801747588,-75
1411801747608,-75
1411801747996,-73
1411801748019,-73
1411801748297,-71
1411801748323,-71
1411801748659,-72
1411801748702,-72
1411801748995,-74
1411801749033,-74
1411801749368,-74
1411801749455,-74
1411801750065,-68
1411801750108,-68
1411801750476,-88
1411801750508,-88
1411801750762,-81
1411801750785,-81
1411801751490,-72
1411801751516,-72
1411801751842,-71
1411801751874,-71
1411801752178,-80
1411801752227,-80
1411801752530,-86
1411801752556,-86
1411801753242,-73
1411801753287,-73
1411801753698,-72
1411801753722,-72
1411801754308,-78
1411801754329,-78
1411801755070,-71
1411801755188,-71
1411801755786,-77
1411801755817,-77
1411801756790,-77
1411801756819,-77
1411801757672,-75
1411801757694,-75
1411801758230,-73
1411801758272,-73
1411801758661,-67
1411801758695,-67
1411801758919,-80
1411801758959,-80
1411801759346,-69
1411801759369,-69
1411801759653,-77
1411801759673,-77
1411801760120,-78
1411801760167,-78
1411801760772,-73
1411801760801,-73
1411801761027,-74
1411801761053,-74
1411801761493,-73
1411801761529,-73
1411801761859,-73
1411801761894,-73
1411801762352,-73
1411801762379,-73
1411801762443,-75
1411801762497,-75
1411801762812,-75
1411801762854,-75
1411801763249,-72
1411801763281,-72
1411801763519,-70
1411801763543,-70
1411801763871,-80
1411801763894,-80
1411801764233,-71
1411801764313,-71
1411801764578,-69
1411801764608,-69
1411801764948,-71
1411801764979,-71
1411801765425,-80
1411801765449,-80
1411801766075,-70
1411801766405,-81
1411801766428,-81
1411801766751,-79
1411801766773,-79
1411801767421,-77
1411801767449,-77
1411801768171,-78
1411801768218,-78
1411801768549,-78
1411801768569,-78
1411801769209,-78
1411801769237,-78
1411801769910,-78
1411801769931,-78
1411801770663,-79
1411801770697,-79
1411801771030,-70
1411801771052,-70
1411801771340,-71
1411801771365,-71
1411801771679,-70
1411801771713,-70
1411801772034,-69
1411801772056,-69
1411801772391,-70
1411801772434,-70
1411801773127,-80
1411801773147,-80
1411801773514,-90
1411801773582,-90
1411801773838,-77
1411801773878,-77
1411801774219,-71
1411801774261,-71
1411801774580,-83
1411801774602,-83
1411801775260,-71
1411801775281,-71
1411801776000,-77
1411801776021,-77
1411801776315,-76
1411801776337,-76
1411801777049,-83
1411801777072,-83
1411801777713,-74
1411801777734,-74
1411801778105,-78
1411801778133,-78
1411801778445,-71
1411801778478,-71
1411801779856,-72
1411801779978,-72
1411801780186,-69
1411801780208,-69
1411801780950,-71
1411801780981,-71
1411801781325,-72
1411801781368,-72
1411801781979,-71
1411801782011,-71
1411801783045,-72
1411801783086,-72
1411801784169,-83
1411801784197,-83
1411801784463,-72
1411801784483,-72
1411801787050,-70
1411801787073,-70
1411801787289,-70
1411801787313,-70
1411801787674,-70
1411801787722,-70
1411801788013,-70
1411801788608,-86
1411801788629,-86
1411801789070,-69
1411801789091,-69
1411801789426,-67
1411801789455,-67
1411801789846,-84
1411801789874,-84
1411801790162,-69
1411801790190,-69
1411801790522,-84
1411801790551,-84
1411801790960,-71
1411801790982,-71
1411801791203,-69
1411801791230,-69
1411801792262,-72
1411801792288,-72
1411801792994,-72
1411801793019,-72
1411801793765,-72
1411801793787,-72
1411801794030,-72
1411801794056,-72
1411801794420,-81
1411801794457,-81
1411801794842,-71
1411801794866,-71
1411801795105,-70
1411801795125,-70
1411801796260,-70
1411801796285,-70
1411801798691,-72
1411801798714,-72
1411801799746,-70
1411801799784,-70
1411801800099,-72
1411801800134,-72
1411801800842,-70
1411801800878,-70
1411801801144,-69
1411801801169,-69
1411801801501,-72
1411801801564,-72
1411801802934,-70
1411801802955,-70
1411801804105,-69
1411801804127,-69
1411801804339,-71
1411801804366,-71
1411801804695,-70
1411801804723,-70
1411801805073,-72
1411801805098,-72
1411801805763,-70
1411801805817,-70
1411801806537,-72
1411801806707,-72
1411801807221,-86
1411801807255,-86
1411801807987,-72
1411801808030,-72
1411801808639,-71
1411801808678,-71
1411801809675,-71
1411801809700,-71
1411801811844,-70
1411801811866,-70
1411801812224,-69
1411801812258,-69
1411801812899,-71
1411801813229,-72
1411801813255,-72
1411801813604,-70
1411801813624,-70
1411801813939,-83
1411801813963,-83
1411801815042,-69
1411801815065,-69
1411801815731,-70
1411801815752,-70
1411801817214,-71
1411801817244,-71
1411801817485,-70
1411801817507,-70
1411801817856,-71
1411801817881,-71
1411801818188,-81
1411801818238,-81
1411801818571,-72
1411801818640,-72
1411801818896,-82
1411801818918,-82
1411801819247,-72
1411801819270,-72
1411801819990,-83
1411801820016,-83
1411801820327,-71
1411801820353,-71
1411801821019,-71
1411801821039,-71
1411801822518,-70
1411801822541,-70
1411801822827,-70
1411801822859,-70
1411801823527,-72
1411801823566,-72
1411801824241,-69
1411801824286,-69
1411801824958,-72
1411801824981,-72
1411801826336,-88
1411801826358,-88
1411801827062,-88
1411801827083,-88
1411801827411,-72
1411801827434,-72
1411801828114,-70
1411801828134,-70
1411801828853,-72
1411801828882,-72
1411801829558,-70
1411801829594,-70
1411801830600,-86
1411801830622,-86
1411801830957,-71
1411801830981,-71
1411801831335,-71
1411801831366,-71
1411801832146,-72
1411801832165,-72
1411801835338,-70
1411801835360,-70
1411801835945,-72
1411801835967,-72
1411801836373,-72
1411801836432,-72
1411801836679,-70
1411801836719,-70
1411801837017,-71
1411801837039,-71
1411801837406,-72
1411801837432,-72
1411801837722,-70
1411801837855,-70
1411801838099,-71
1411801838119,-71
1411801838438,-69
1411801838486,-69
1411801838806,-71
1411801838874,-71
1411801839148,-84
1411801839168,-84
1411801839536,-70
1411801839564,-70
1411801839864,-72
1411801839983,-72
1411801842010,-71
1411801842033,-71
1411801843397,-82
1411801843420,-82
1411801843809,-71
1411801843833,-71
1411801846588,-85
1411801846620,-85
1411801847319,-70
1411801847351,-70
1411801848375,-69
1411801848403,-69
1411801849154,-71
1411801849173,-71
1411801849431,-70
1411801849455,-70
1411801850503,-70
1411801850546,-70
1411801851288,-71
1411801851310,-71
1411801851551,-70
1411801851574,-70
1411801851907,-69
1411801851929,-69
1411801852634,-71
1411801853331,-72
1411801853350,-72
1411801855147,-70
1411801855169,-70
1411801855827,-71
1411801855858,-71
1411801856190,-88
1411801856222,-88
1411801857028,-70
1411801857056,-70
1411801858324,-70
1411801858347,-70
1411801858679,-69
1411801858705,-69
1411801859698,-87
1411801859739,-87
1411801860117,-70
1411801860167,-70
1411801861477,-71
1411801861506,-71
1411801861854,-71
1411801861906,-71
1411801862184,-70
1411801862207,-70
1411801862592,-71
1411801862628,-71
1411801863068,-71
1411801863096,-71
1411801863235,-69
1411801863256,-69
1411801864308,-71
1411801864352,-71
1411801864688,-71
1411801864719,-71
1411801865492,-70
1411801865513,-70
1411801865778,-70
1411801865805,-70
1411801866839,-70
1411801866874,-70
1411801867479,-69
1411801867553,-69
1411801867840,-70
1411801867883,-70
1411801868583,-70
1411801868629,-70
1411801868929,-70
1411801868954,-70
1411801869347,-70
1411801869370,-70
1411801869698,-69
1411801869722,-69
1411801870006,-70
1411801870038,-70
1411801870456,-70
1411801870476,-70
1411801870693,-71
1411801870717,-71
1411801871404,-72
1411801871444,-72
1411801872104,-70
1411801872123,-70
1411801872485,-69
1411801872561,-69
1411801874023,-71
1411801874043,-71
1411801874244,-71
1411801874267,-71
1411801874594,-71
1411801874617,-71
1411801874972,-82
1411801875051,-82
1411801875348,-71
1411801875384,-71
1411801875670,-71
1411801875723,-71
1411801876829,-69
1411801876847,-69
1411801877103,-86
1411801877131,-86
1411801877462,-72
1411801877500,-72
1411801878188,-79
1411801878214,-79
1411801878925,-69
1411801878957,-69
1411801880327,-71
1411801880358,-71
1411801880644,-71
1411801880675,-71
1411801881038,-71
1411801881076,-71
1411801881352,-70
1411801881417,-70
1411801881729,-71
1411801881764,-71
1411801882437,-70
1411801882472,-70
1411801883192,-85
1411801883225,-85
1411801883484,-70
1411801883516,-70
1411801883830,-70
1411801883864,-70
1411801884187,-72
1411801884254,-72
1411801884977,-70
1411801884996,-70
1411801885280,-70
1411801885310,-70
1411801885660,-72
1411801885695,-72
1411801887148,-71
1411801887170,-71
1411801887379,-70
1411801887404,-70
1411801888088,-70
1411801888113,-70
1411801888839,-71
1411801888863,-71
1411801889209,-69
1411801889241,-69
1411801890561,-72
1411801890592,-72
1411801891006,-88
1411801891032,-88
1411801891304,-70
1411801891335,-70
1411801892778,-69
1411801892805,-69
1411801893565,-70
1411801893595,-70
1411801893806,-71
1411801893831,-71
1411801894122,-71
1411801894161,-71
1411801894487,-70
1411801894542,-70
1411801895253,-70
1411801896023,-70
1411801896063,-70
1411801896634,-70
1411801896664,-70
1411801896995,-71
1411801897027,-71
1411801897678,-71
1411801897698,-71
1411801898026,-70
1411801898056,-70
1411801898749,-71
1411801898782,-71
1411801899135,-68
1411801899154,-68
1411801899777,-71
1411801899804,-71
1411801900574,-70
1411801900605,-70
1411801901216,-72
1411801901242,-72
1411801901568,-70
1411801901609,-70
1411801901995,-69
1411801902027,-69
1411801902724,-70
1411801902756,-70
1411801902981,-85
1411801903015,-85
1411801903326,-83
1411801903361,-83
1411801904098,-71
1411801904129,-71
1411801904404,-70
1411801904510,-70
1411801904831,-70
1411801904863,-70
1411801905136,-69
1411801905170,-69
1411801906892,-70
1411801906922,-70
1411801907626,-71
1411801907664,-71
1411801907951,-70
1411801907974,-70
1411801908294,-69
1411801908338,-69
1411801908652,-71
1411801908674,-71
1411801908995,-79
1411801909019,-79
1411801909449,-71
1411801909471,-71
1411801910516,-70
1411801910547,-70
1411801911231,-69
1411801911252,-69
1411801911519,-71
1411801911550,-71
1411801911936,-71
1411801911960,-71
1411801912221,-71
1411801912250,-71
1411801913267,-70
1411801913314,-70
1411801914155,-69
1411801914174,-69
1411801914323,-75
1411801914345,-75
1411801915062,-70
1411801915086,-70
1411801916462,-69
1411801916488,-69
1411801917568,-73
1411801917599,-73
1411801917919,-82
1411801917951,-82
1411801918261,-72
1411801918298,-72
1411801918668,-72
1411801918704,-72
1411801918991,-71
1411801919015,-71
1411801919341,-70
1411801919374,-70
1411801919802,-71
1411801919827,-71
1411801921141,-86
1411801921466,-70
1411801921489,-70
1411801921830,-85
1411801921863,-85
1411801922201,-70
1411801922239,-70
1411801923228,-69
1411801923249,-69
1411801923614,-69
1411801923649,-69
1411801923960,-70
1411801923993,-70
1411801924276,-71
1411801924327,-71
1411801924651,-71
1411801924694,-71
1411801925043,-72
1411801925074,-72
1411801925378,-70
1411801925410,-70
1411801926038,-71
1411801926060,-71
1411801926404,-69
1411801926426,-69
1411801926825,-69
1411801926854,-69
1411801927163,-69
1411801927229,-69
1411801927498,-70
1411801927530,-70
1411801928417,-85
1411801928445,-85
1411801928709,-71
1411801928732,-71
1411801929605,-83
1411801929631,-83
1411801930385,-87
1411801930418,-87
1411801931078,-80
1411801931111,-80
1411801931393,-82
1411801931434,-82
1411801932140,-70
1411801932172,-70
1411801932494,-69
1411801932527,-69
1411801932806,-72
1411801932854,-72
1411801933940,-72
1411801933972,-72
1411801934279,-70
1411801934300,-70
1411801935282,-70
1411801935677,-87
1411801936016,-69
1411801936042,-69
1411801936341,-71
1411801936371,-71
1411801937796,-82
1411801937820,-82
1411801938180,-70
1411801938610,-82
1411801938629,-82
1411801939175,-71
1411801939228,-71
1411801939556,-80
1411801939592,-80
1411801939875,-71
1411801939900,-71
1411801940316,-83
1411801940339,-83
1411801940589,-70
1411801940608,-70
1411801941020,-69
1411801941052,-69
1411801941398,-70
1411801941420,-70
1411801942059,-72
1411801942085,-72
1411801942837,-88
1411801942864,-88
1411801943128,-70
1411801943149,-70
1411801943512,-87
1411801943550,-87
1411801944513,-69
1411801944551,-69
1411801945301,-71
1411801945328,-71
1411801946368,-70
1411801946390,-70
1411801947097,-71
1411801947128,-71
1411801947387,-70
1411801947412,-70
1411801947740,-70
1411801947772,-70
1411801948536,-71
1411801948593,-71
1411801948746,-72
1411801948771,-72
1411801949919,-70
1411801949945,-70
1411801950259,-80
1411801950291,-80
1411801950565,-71
1411801950599,-71
1411801950959,-70
1411801951007,-70
1411801951231,-79
1411801951267,-79
1411801952489,-68
1411801952511,-68
1411801952675,-69
1411801952747,-69
1411801953455,-70
1411801953487,-70
1411801953779,-68
1411801953811,-68
1411801954178,-78
1411801954203,-78
1411801954492,-78
1411801954518,-78
1411801954921,-71
1411801954943,-71
1411801955134,-69
1411801955155,-69
1411801955882,-70
1411801955914,-70
1411801956306,-78
1411801956343,-78
1411801956656,-70
1411801956729,-70
1411801957696,-68
1411801957726,-68
1411801957971,-69
1411801958359,-67
1411801958385,-67
1411801958700,-78
1411801958732,-78
1411801959073,-77
1411801959105,-77
1411801959438,-68
1411801959462,-68
1411801959792,-69
1411801959823,-69
1411801960086,-68
1411801960109,-68
1411801961644,-79
1411801961680,-79
1411801962241,-67
1411801962261,-67
1411801962997,-69
1411801963027,-69
1411801964353,-83
1411801964389,-83
1411801964756,-71
1411801964790,-71
1411801965210,-71
1411801965260,-71
1411801965872,-75
1411801965895,-75
1411801966150,-73
1411801966170,-73
1411801966526,-73
1411801966655,-73
1411801966853,-74
1411801966874,-74
1411801967273,-74
1411801967298,-74
1411801967619,-79
1411801967640,-79
1411801967958,-74
1411801967985,-74
1411801968296,-73
1411801968317,-73
1411801968591,-73
1411801968724,-73
1411801970033,-72
1411801970093,-72
1411801970782,-78
1411801970803,-78
1411801971145,-73
1411801971171,-73
1411801971597,-70
1411801971619,-70
1411801971853,-71
1411801971877,-71
1411801972609,-81
1411801972643,-81
1411801972937,-70
1411801972969,-70
1411801973780,-73
1411801973801,-73
1411801974319,-69
1411801974340,-69
1411801974668,-72
1411801974691,-72
1411801975081,-71
1411801975115,-71
1411801975452,-76
1411801975482,-76
1411801975698,-82
1411801975731,-82
1411801976293,-72
1411801976313,-72
1411801976779,-71
1411801976801,-71
1411801977585,-83
1411801977630,-83
1411801977826,-76
1411801977847,-76
1411801978191,-80
1411801978229,-80
1411801978723,-73
1411801978742,-73
1411801978883,-88
1411801978902,-88
1411801979717,-79
1411801979758,-79
1411801979991,-75
1411801980044,-75
1411801980370,-78
1411801980404,-78
1411801980836,-78
1411801981268,-77
1411801981296,-77
1411801982112,-78
1411801982137,-78
1411801982540,-75
1411801982577,-75
1411801982878,-76
1411801982905,-76
1411801983145,-73
1411801983174,-73
1411801983702,-80
1411801983722,-80
1411801983896,-75
1411801983919,-75
1411801984886,-74
1411801984921,-74
1411801985342,-68
1411801985363,-68
1411801986333,-82
1411801986356,-82
1411801986757,-77
1411801986785,-77
1411801987447,-69
1411801987471,-69
1411801988495,-80
1411801988515,-80
1411801989627,-73
1411801989654,-73
1411801989890,-81
1411801989916,-81
1411801990356,-73
1411801990379,-73
1411801991714,-68
1411801991739,-68
1411801992148,-72
1411801992171,-72
1411801992425,-76
1411801992447,-76
1411801992761,-76
1411801992782,-76
1411801993545,-82
1411801993583,-82
1411801993817,-82
1411801993838,-82
1411801994574,-81
1411801994598,-81
1411801996326,-83
1411801996351,-83
1411801996704,-79
1411801996728,-79
1411801997731,-74
1411801997755,-74
1411801998137,-79
1411801998160,-79
1411801998485,-77
1411801998507,-77
1411801998820,-76
1411801998853,-76
1411801999517,-76
1411801999550,-76
1411801999894,-75
1411801999922,-75
1411802000318,-74
1411802000339,-74
1411802000573,-76
1411802000600,-76
1411802001286,-75
1411802001311,-75
1411802001641,-81
1411802001664,-81
1411802002002,-80
1411802002023,-80
1411802002384,-79
1411802002417,-79
1411802003066,-69
1411802003085,-69
1411802003769,-83
1411802003791,-83
1411802004104,-80
1411802004136,-80
1411802004503,-80
1411802004531,-80
1411802005195,-75
1411802005219,-75
1411802005584,-81
1411802005609,-81
1411802005944,-69
1411802005975,-69
1411802006632,-77
1411802006655,-77
1411802007070,-79
1411802007117,-79
1411802007317,-77
1411802007339,-77
1411802007662,-79
1411802007698,-79
1411802008092,-69
1411802008120,-69
1411802008410,-78
1411802008431,-78
1411802008761,-79
1411802008790,-79
1411802009495,-79
1411802009652,-79
1411802009783,-70
1411802009848,-70
1411802010259,-79
1411802010295,-79
1411802010860,-69
1411802010893,-69
1411802011694,-75
1411802011729,-75
1411802012269,-75
1411802012293,-75
1411802013039,-73
1411802013067,-73
1411802013398,-70
1411802013433,-70
1411802013722,-76
1411802013743,-76
1411802014140,-70
1411802014191,-70
1411802015184,-76
1411802015208,-76
1411802015462,-71
1411802015489,-71
1411802015820,-72
1411802015841,-72
1411802016283,-72
1411802016366,-72
1411802016906,-73
1411802016927,-73
1411802017370,-74
1411802017400,-74
1411802018062,-68
1411802018083,-68
1411802018352,-76
1411802018387,-76
1411802018683,-73
1411802018703,-73
1411802019379,-89
1411802019572,-89
1411802019728,-80
1411802019750,-80
1411802020139,-76
1411802020166,-76
1411802020439,-77
1411802020461,-77
1411802020793,-68
1411802020818,-68
1411802021189,-75
1411802021215,-75
1411802021560,-75
1411802021596,-75
1411802022215,-70
1411802022237,-70
1411802022670,-68
1411802022693,-68
1411802022918,-74
1411802022939,-74
1411802023636,-68
1411802023676,-68
1411802024033,-74
1411802024053,-74
1411802024365,-74
1411802024386,-74
1411802024711,-69
1411802024736,-69
1411802025413,-69
1411802025454,-69
1411802025841,-69
1411802025866,-69
1411802026512,-75
1411802026534,-75
1411802026827,-78
1411802026848,-78
1411802027228,-74
1411802027283,-74
1411802027540,-70
1411802027567,-70
1411802027885,-75
1411802027939,-75
1411802028250,-80
1411802028271,-80
1411802028606,-69
1411802028629,-69
1411802029007,-79
1411802029046,-79
1411802029444,-74
1411802029469,-74
1411802030041,-67
1411802030411,-73
1411802030433,-73
1411802030750,-73
1411802030774,-73
1411802031117,-80
1411802031143,-80
1411802031464,-74
1411802031614,-74
1411802031819,-69
1411802031841,-69
1411802032957,-68
1411802032979,-68
1411802033233,-68
1411802033254,-68
1411802033595,-70
1411802033648,-70
1411802034068,-76
1411802034088,-76
1411802034298,-78
1411802034320,-78
1411802034663,-69
1411802034684,-69
1411802035736,-74
1411802035762,-74
1411802036164,-68
1411802036204,-68
1411802036436,-77
1411802036457,-77
1411802038214,-78
1411802038331,-78
1411802038974,-74
1411802039006,-74
1411802039282,-76
1411802039314,-76
1411802039990,-73
1411802040071,-73
1411802040343,-69
1411802040362,-69
1411802040809,-78
1411802040834,-78
1411802041056,-69
1411802041104,-69
1411802041409,-69
1411802041448,-69
1411802041773,-69
1411802041817,-69
1411802042144,-68
1411802042190,-68
1411802042923,-69
1411802043068,-69
1411802043579,-69
1411802043612,-69
1411802043906,-68
1411802043944,-68
1411802044264,-65
1411802044305,-65
1411802044655,-74
1411802044985,-68
1411802045026,-68
1411802045331,-78
1411802045364,-78
1411802046108,-68
1411802046132,-68
1411802046397,-76
1411802046423,-76
1411802046751,-69
1411802046811,-69
1411802047109,-69
1411802047157,-69
1411802047839,-69
1411802047882,-69
1411802048317,-69
1411802048343,-69
1411802048881,-68
1411802048913,-68
1411802049231,-73
1411802049253,-73
1411802049638,-69
1411802049670,-69
1411802050305,-70
1411802050340,-70
1411802050651,-81
1411802050676,-81
1411802051022,-70
1411802051045,-70
1411802051393,-70
1411802051427,-70
1411802051730,-67
1411802051769,-67
1411802052458,-68
1411802052492,-68
1411802052874,-75
1411802052897,-75
1411802053552,-65
1411802053590,-65
1411802053858,-70
1411802053906,-70
1411802054556,-69
1411802054578,-69
1411802055039,-70
1411802055068,-70
1411802055279,-78
1411802055991,-77
1411802056027,-77
1411802056345,-77
1411802056378,-77
1411802056699,-77
1411802056730,-77
1411802057055,-77
1411802057085,-77
1411802057510,-65
1411802057534,-65
1411802057758,-70
1411802057788,-70
1411802058862,-68
1411802058899,-68
1411802059187,-73
1411802059208,-73
1411802059528,-77
1411802059552,-77
1411802059885,-77
1411802059908,-77
1411802060253,-74
1411802060287,-74
1411802060600,-76
1411802060632,-76
1411802060956,-78
1411802060988,-78
1411802061314,-76
1411802061359,-76
1411802061684,-75
1411802061760,-75
1411802062365,-75
1411802062389,-75
1411802063799,-70
1411802063831,-70
1411802064145,-79
1411802064177,-79
1411802064851,-78
1411802064882,-78
1411802065203,-78
1411802065246,-78
1411802065581,-79
1411802065617,-79
1411802065916,-78
1411802065961,-78
1411802066722,-69
1411802066777,-69
1411802066980,-68
1411802067018,-68
1411802067350,-68
1411802067372,-68
1411802067698,-66
1411802067729,-66
1411802068133,-67
1411802068153,-67
1411802068850,-79
1411802068872,-79
1411802069109,-78
1411802069168,-78
1411802069824,-79
1411802069863,-79
1411802070169,-67
1411802070192,-67
1411802071378,-74
1411802071398,-74
1411802072371,-69
1411802072402,-69
1411802072650,-69
1411802072685,-69
1411802073416,-69
1411802073446,-69
1411802073840,-75
1411802073861,-75
1411802074067,-74
1411802074096,-74
1411802075555,-75
1411802075579,-75
1411802075850,-69
1411802075891,-69
1411802076551,-73
1411802076574,-73
1411802076960,-73
1411802076983,-73
1411802077265,-77
1411802077294,-77
1411802077626,-76
1411802077657,-76
1411802077986,-68
1411802078009,-68
1411802078334,-77
1411802078359,-77
1411802078692,-78
1411802078733,-78
1411802079138,-69
1411802079160,-69
1411802079397,-75
1411802079423,-75
1411802079766,-74
1411802079819,-74
1411802080120,-76
1411802080161,-76
1411802080485,-73
1411802080505,-73
1411802080815,-69
1411802080840,-69
1411802081528,-69
1411802081548,-69
1411802081880,-74
1411802081900,-74
1411802082241,-77
1411802082267,-77
1411802082598,-69
1411802082631,-69
1411802084432,-78
1411802084451,-78
1411802085522,-74
1411802085557,-74
1411802085818,-67
1411802085852,-67
1411802086165,-73
1411802086190,-73
1411802087222,-68
1411802087927,-69
1411802088287,-79
1411802088323,-79
1411802088990,-74
1411802089020,-74
1411802089358,-69
1411802089562,-69
1411802090059,-69
1411802090139,-69
1411802090414,-69
1411802090443,-69
1411802090769,-73
1411802090809,-73
1411802091121,-79
1411802091160,-79
1411802091899,-78
1411802091922,-78
1411802092178,-69
1411802092198,-69
1411802094020,-78
1411802094054,-78
1411802094673,-79
1411802094716,-79
1411802095025,-73
1411802095072,-73
1411802095448,-79
1411802095480,-79
1411802095731,-69
1411802095769,-69
1411802096526,-78
1411802096549,-78
1411802096793,-78
1411802096838,-78
1411802097147,-73
1411802097178,-73
1411802097566,-68
1411802097591,-68
1411802098572,-69
1411802098609,-69
1411802099274,-78
1411802099298,-78
1411802099634,-78
1411802099668,-78
1411802099981,-78
1411802100007,-78
1411802100340,-78
1411802100365,-78
1411802100703,-78
1411802100746,-78
1411802101417,-69
1411802101562,-69
1411802101764,-78
1411802101784,-78
1411802102862,-78
1411802102894,-78
1411802103176,-73
1411802103202,-73
1411802103555,-79
1411802103580,-79
1411802103885,-69
1411802103925,-69
1411802104959,-73
1411802104996,-73
1411802105682,-78
1411802105733,-78
1411802106249,-73
1411802106268,-73
1411802106815,-77
1411802106840,-77
1411802107090,-78
1411802107116,-78
1411802107808,-74
1411802107841,-74
1411802108162,-81
1411802108205,-81
1411802108553,-79
1411802108589,-79
1411802108863,-79
1411802108893,-79
1411802109265,-76
1411802109290,-76
1411802109650,-68
1411802109673,-68
1411802109930,-76
1411802109960,-76
1411802110650,-78
1411802110685,-78
1411802110985,-73
1411802111004,-73
1411802111385,-68
1411802111435,-68
1411802111699,-77
1411802111724,-77
1411802112471,-73
1411802112497,-73
1411802112771,-76
1411802112802,-76
1411802113127,-82
1411802113155,-82
1411802113490,-81
1411802113530,-81
1411802114202,-68
1411802114227,-68
1411802114552,-67
1411802114585,-67
1411802115037,-67
1411802115058,-67
1411802115271,-68
1411802115319,-68
1411802115631,-75
1411802115663,-75
1411802115986,-79
1411802116024,-79
1411802117052,-70
1411802117406,-73
1411802118104,-69
1411802118129,-69
1411802118469,-78
1411802118503,-78
1411802118815,-68
1411802118899,-68
1411802119516,-77
1411802119544,-77
1411802119875,-69
1411802120037,-69
1411802120577,-74
1411802120613,-74
1411802120955,-69
1411802121001,-69
1411802121287,-79
1411802121324,-79
1411802121994,-70
1411802122016,-70
1411802122342,-78
1411802122368,-78
1411802123406,-76
1411802123430,-76
1411802123765,-73
1411802123788,-73
1411802124125,-75
1411802124169,-75
1411802124951,-73
1411802124971,-73
1411802125183,-74
1411802125209,-74
1411802125537,-67
1411802125565,-67
1411802125925,-80
1411802125958,-80
1411802126252,-69
1411802126344,-69
1411802126967,-78
1411802127018,-78
1411802127661,-78
1411802127697,-78
1411802128020,-77
1411802128065,-77
1411802128372,-80
1411802128414,-80
1411802128744,-69
1411802128782,-69
1411802129436,-70
1411802129456,-70
1411802129834,-75
1411802129863,-75
1411802130591,-70
1411802130623,-70
1411802130849,-74
1411802130886,-74
1411802131252,-77
1411802131286,-77
1411802131565,-74
1411802131648,-74
1411802132277,-71
1411802132312,-71
1411802132614,-68
1411802132647,-68
1411802133735,-69
1411802133768,-69
1411802134032,-68
1411802134063,-68
1411802134394,-69
1411802134425,-69
1411802135100,-70
1411802135123,-70
1411802135467,-73
1411802135506,-73
1411802136177,-69
1411802136197,-69
1411802136533,-69
1411802136561,-69
1411802136876,-75
1411802136909,-75
1411802137690,-79
1411802137712,-79
1411802137926,-69
1411802137950,-69
1411802138699,-79
1411802138725,-79
1411802138998,-70
1411802139034,-70
1411802139419,-74
1411802139452,-74
1411802139699,-69
1411802139736,-69
1411802140444,-74
1411802140476,-74
1411802140764,-74
1411802140785,-74
1411802141135,-69
1411802141157,-69
1411802141475,-68
1411802141515,-68
1411802142288,-74
1411802142354,-74
1411802142529,-75
1411802142578,-75
1411802142909,-69
1411802142942,-69
1411802143332,-67
1411802143407,-67
1411802144662,-68
1411802144680,-68
1411802145367,-68
1411802145393,-68
1411802146164,-68
1411802146189,-68
1411802146945,-68
1411802146971,-68
1411802147153,-68
1411802147184,-68
1411802147591,-75
1411802147613,-75
1411802147848,-73
1411802147919,-73
1411802148557,-72
1411802148579,-72
1411802148942,-74
1411802148964,-74
1411802149977,-74
1411802150006,-74
1411802150681,-71
1411802150700,-71
1411802151223,-80
1411802151259,-80
1411802151397,-85
1411802151424,-85
1411802151829,-76
1411802151849,-76
1411802152101,-80
1411802152125,-80
1411802152465,-80
1411802152492,-80
1411802152824,-68
1411802152859,-68
1411802153238,-81
1411802153260,-81
1411802153872,-79
1411802153892,-79
1411802154735,-81
1411802154766,-81
1411802154940,-81
1411802154973,-81
1411802155706,-80
1411802155726,-80
1411802156480,-67
1411802156499,-67
1411802156704,-80
1411802156723,-80
1411802157069,-80
1411802157094,-80
1411802158209,-67
1411802158240,-67
1411802158860,-67
1411802158892,-67
1411802159308,-68
1411802159328,-68
1411802159632,-74
1411802159654,-74
1411802159917,-76
1411802159938,-76
1411802160290,-75
1411802160314,-75
1411802160949,-67
1411802160979,-67
1411802161752,-74
1411802161786,-74
1411802162033,-81
1411802162101,-81
1411802162432,-69
1411802162458,-69
1411802162731,-82
1411802162750,-82
1411802164199,-81
1411802164221,-81
1411802164508,-70
1411802164527,-70
1411802164955,-75
1411802164975,-75
1411802165219,-74
1411802165239,-74
1411802165569,-79
1411802165592,-79
1411802165972,-81
1411802165994,-81
1411802166640,-74
1411802166664,-74
1411802167002,-70
1411802167026,-70
1411802167351,-73
1411802167386,-73
1411802167938,-71
1411802167958,-71
1411802168451,-75
1411802168472,-75
1411802170241,-69
1411802170268,-69
1411802170948,-80
1411802170972,-80
1411802171960,-72
1411802172008,-72
1411802172322,-71
1411802172344,-71
1411802173047,-71
1411802173075,-71
1411802173754,-81
1411802173779,-81
1411802174100,-69
1411802174148,-69
1411802174442,-78
1411802174474,-78
1411802174798,-80
1411802174824,-80
1411802175178,-73
1411802175210,-73
1411802175920,-72
1411802176004,-72
1411802176398,-75
1411802176418,-75
1411802176922,-72
1411802176956,-72
1411802177266,-69
1411802177290,-69
1411802178017,-80
1411802178050,-80
1411802178689,-82
1411802178711,-82
1411802179483,-72
1411802179510,-72
1411802180159,-85
1411802180202,-85
1411802181216,-69
1411802181239,-69
1411802181589,-72
1411802181617,-72
1411802182038,-73
1411802182059,-73
1411802182232,-80
1411802182288,-80
1411802182679,-72
1411802182707,-72
1411802182944,-79
1411802182975,-79
1411802183369,-72
1411802183393,-72
1411802183652,-72
1411802183673,-72
1411802184467,-78
1411802184511,-78
1411802184730,-73
1411802184770,-73
1411802185156,-73
1411802185177,-73
1411802185437,-72
1411802185510,-72
1411802185862,-71
1411802185891,-71
1411802186682,-72
1411802186705,-72
1411802187216,-77
1411802187237,-77
1411802187564,-77
1411802187597,-77
1411802187943,-70
1411802187963,-70
1411802188281,-77
1411802188778,-72
1411802188799,-72
1411802189510,-71
1411802189535,-71
1411802190071,-72
1411802190107,-72
1411802190501,-72
1411802190523,-72
1411802190807,-70
1411802190828,-70
1411802191539,-73
1411802191566,-73
1411802191940,-72
1411802191968,-72
1411802192267,-70
1411802192309,-70
1411802193001,-73
1411802193028,-73
1411802193322,-67
1411802193349,-67
1411802193661,-84
1411802193722,-84
1411802194012,-71
1411802194040,-71
1411802194398,-80
1411802194424,-80
1411802194700,-75
1411802194720,-75
1411802195141,-77
1411802195171,-77
1411802195419,-74
1411802195450,-74
1411802196821,-76
1411802196842,-76
1411802198025,-70
1411802198059,-70
1411802198994,-77
1411802199015,-77
1411802199267,-75
1411802199288,-75
1411802199618,-71
1411802199645,-71
1411802199980,-73
1411802200021,-73
1411802200330,-74
1411802200357,-74
1411802201110,-73
1411802201130,-73
1411802201467,-66
1411802201492,-66
1411802201931,-81
1411802201953,-81
1411802202616,-71
1411802202650,-71
1411802203166,-69
1411802203654,-72
1411802203694,-72
1411802204021,-70
1411802204041,-70
1411802205368,-81
1411802205393,-81
1411802205684,-81
1411802205707,-81
1411802206093,-77
1411802206120,-77
1411802206374,-80
1411802206396,-80
1411802206907,-74
1411802206941,-74
1411802207230,-79
1411802207276,-79
1411802207499,-72
1411802207524,-72
1411802207866,-77
1411802207886,-77
1411802208546,-76
1411802208565,-76
1411802210473,-73
1411802210502,-73
1411802211048,-73
1411802211075,-73
1411802211338,-76
1411802211364,-76
1411802211808,-76
1411802211837,-76
1411802212037,-73
1411802212069,-73
1411802212579,-78
1411802212600,-78
1411802212816,-80
1411802212836,-80
1411802213569,-75
1411802213597,-75
1411802213922,-77
1411802213948,-77
1411802214215,-79
1411802214238,-79
1411802214522,-76
1411802214548,-76
1411802214900,-75
1411802214923,-75
1411802215597,-79
1411802215630,-79
1411802215937,-75
1411802215960,-75
1411802216774,-77
1411802216801,-77
1411802217383,-76
1411802217415,-76
1411802217701,-79
1411802217725,-79
1411802218509,-83
1411802218536,-83
1411802218804,-78
1411802218829,-78
1411802219180,-81
1411802219211,-81
1411802219477,-76
1411802219498,-76
1411802220351,-73
1411802220371,-73
1411802220924,-77
1411802220945,-77
1411802221685,-72
1411802221706,-72
1411802222048,-76
1411802222079,-76
1411802222504,-78
1411802222547,-78
1411802222782,-79
1411802222803,-79
1411802223174,-79
1411802223202,-79
1411802223841,-83
1411802223866,-83
1411802224805,-78
1411802224847,-78
1411802225341,-79
1411802225376,-79
1411802226639,-80
1411802226665,-80
1411802227075,-82
1411802227104,-82
1411802227770,-78
1411802227793,-78
1411802228421,-82
1411802228454,-82
1411802228772,-76
1411802228807,-76
1411802229560,-77
1411802229594,-77
1411802230148,-76
1411802230169,-76
1411802230534,-87
1411802230567,-87
1411802231660,-77
1411802232633,-77
1411802232652,-77
1411802232970,-84
1411802232990,-84
1411802233361,-77
1411802233385,-77
1411802235209,-77
1411802235231,-77
1411802236192,-80
1411802236229,-80
1411802236608,-86
1411802236645,-86
1411802237244,-82
1411802237273,-82
1411802237631,-82
1411802237653,-82
1411802237962,-77
1411802238001,-77
1411802239370,-81
1411802239395,-81
1411802241236,-79
1411802241259,-79
1411802241871,-80
1411802241908,-80
1411802242295,-76
1411802242316,-76
1411802242570,-81
1411802242594,-81
1411802242927,-78
1411802242967,-78
1411802243684,-83
1411802243717,-83
1411802244020,-77
1411802244040,-77
1411802244725,-87
1411802244753,-87
1411802245481,-77
1411802245502,-77
1411802245789,-81
1411802245809,-81
1411802246128,-73
1411802246151,-73
1411802246483,-78
1411802246525,-78
1411802246872,-79
1411802246898,-79
1411802247550,-81
1411802247601,-81
1411802247890,-81
1411802247911,-81
1411802248266,-77
1411802248291,-77
1411802248952,-74
1411802248973,-74
1411802249391,-79
1411802249420,-79
1411802249726,-74
1411802249790,-74
1411802250400,-80
1411802250454,-80
1411802250819,-74
1411802250854,-74
1411802252522,-80
1411802252570,-80
1411802253034,-73
1411802253060,-73
1411802253950,-79
1411802253969,-79
1411802254268,-74
1411802254291,-74
1411802254621,-79
1411802254664,-79
1411802254989,-74
1411802255028,-74
1411802255334,-74
1411802255375,-74
1411802255741,-80
1411802255773,-80
1411802256119,-74
1411802256198,-74
1411802256404,-76
1411802256456,-76
1411802258528,-77
1411802258562,-77
1411802258880,-87
1411802258906,-87
1411802260049,-82
1411802260073,-82
1411802261097,-79
1411802261121,-79
1411802261431,-76
1411802261460,-76
1411802261733,-81
1411802261774,-81
1411802262116,-81
1411802262136,-81
1411802262905,-85
1411802262925,-85
1411802263227,-79
1411802263248,-79
1411802263509,-80
1411802263545,-80
1411802263876,-86
1411802263910,-86
1411802264619,-82
1411802264642,-82
1411802264932,-78
1411802264964,-78
1411802265299,-74
1411802265323,-74
1411802265631,-91
1411802265655,-91
1411802266003,-82
1411802266026,-82
1411802266445,-81
1411802266467,-81
1411802266709,-82
1411802266736,-82
1411802267463,-77
1411802267488,-77
1411802267757,-82
1411802267789,-82
1411802269166,-83
1411802269186,-83
1411802269519,-85
1411802269551,-85
1411802269909,-81
1411802269939,-81
1411802270240,-85
1411802270282,-85
1411802271750,-77
1411802271788,-77
1411802272424,-77
1411802272451,-77
1411802273267,-77
1411802273293,-77
1411802273796,-80
1411802273828,-80
1411802274142,-87
1411802274172,-87
1411802274838,-80
1411802274864,-80
1411802275213,-80
1411802275248,-80
1411802275745,-80
1411802275764,-80
1411802275892,-84
1411802275916,-84
1411802276721,-79
1411802276753,-79
1411802277432,-74
1411802277471,-74
1411802277675,-80
1411802277706,-80
1411802278188,-75
1411802278210,-75
1411802278384,-80
1411802278406,-80
1411802278839,-78
1411802278874,-78
1411802279195,-86
1411802279230,-86
1411802280720,-79
1411802280739,-79
1411802280853,-90
1411802280873,-90
1411802281323,-80
1411802281342,-80
1411802281574,-81
1411802281605,-81
1411802282030,-80
1411802282077,-80
1411802283865,-77
1411802283899,-77
1411802284392,-86
1411802284418,-86
1411802284884,-79
1411802284949,-79
1411802285109,-77
1411802285131,-77
1411802285466,-85
1411802285486,-85
1411802285833,-83
1411802285866,-83
1411802286610,-83
1411802286984,-76
1411802287297,-76
1411802287325,-76
1411802288178,-75
1411802288205,-75
1411802288298,-84
1411802288321,-84
1411802288732,-75
1411802288760,-75
1411802289803,-75
1411802289826,-75
1411802290139,-76
1411802290175,-76
1411802291522,-83
1411802291564,-83
1411802292254,-76
1411802292290,-76
1411802292931,-76
1411802294381,-81
1411802294406,-81
1411802294731,-76
1411802295041,-85
1411802295075,-85
1411802295773,-87
1411802295946,-87
1411802297168,-82
1411802297194,-82
1411802298003,-77
1411802298028,-77
1411802298261,-76
1411802298290,-76
1411802299730,-82
1411802299761,-82
1411802300436,-80
1411802300460,-80
1411802300713,-89
1411802300733,-89
1411802301420,-77
1411802301440,-77
1411802302208,-77
1411802302227,-77
1411802302983,-82
1411802303021,-82
1411802304059,-85
1411802304084,-85
1411802304276,-80
1411802304314,-80
1411802304823,-86
1411802305717,-82
1411802305751,-82
1411802306048,-80
1411802306116,-80
1411802306408,-79
1411802306448,-79
1411802307463,-77
1411802307483,-77
1411802308314,-77
1411802308338,-77
1411802309252,-78
1411802309315,-78
1411802309598,-80
1411802309638,-80
1411802310342,-83
1411802310362,-83
1411802310675,-78
1411802310705,-78
1411802311467,-85
1411802311490,-85
1411802312461,-78
1411802312494,-78
1411802313900,-76
1411802314218,-85
1411802314249,-85
1411802315316,-79
1411802315348,-79
1411802315728,-76
1411802315759,-76
1411802315997,-77
1411802316140,-77
1411802316409,-75
1411802316430,-75
1411802316713,-75
1411802316745,-75
1411802317412,-83
1411802317444,-83
1411802317870,-79
1411802317895,-79
1411802318115,-79
1411802318137,-79
1411802318651,-82
1411802318672,-82
1411802318827,-81
1411802318876,-81
1411802319197,-76
1411802319221,-76
1411802320293,-76
1411802320326,-76
1411802320626,-75
1411802320667,-75
1411802321085,-80
1411802321111,-80
1411802321756,-78
1411802321778,-78
1411802322042,-89
1411802322073,-89
1411802322481,-77
1411802322510,-77
1411802323121,-77
1411802323155,-77
1411802323438,-78
1411802323458,-78
1411802323904,-85
1411802324198,-83
1411802324233,-83
1411802324580,-84
1411802324609,-84
1411802324914,-80
1411802324946,-80
1411802325215,-77
1411802325241,-77
1411802326376,-78
1411802326394,-78
1411802327688,-77
1411802327724,-77
1411802328033,-75
1411802328116,-75
1411802328386,-88
1411802328419,-88
1411802328750,-78
1411802328796,-78
1411802330169,-78
1411802330208,-78
1411802330526,-78
1411802330564,-78
1411802330881,-79
1411802330912,-79
1411802331230,-79
1411802331258,-79
1411802332016,-85
1411802332039,-85
1411802332823,-85
1411802332847,-85
1411802333784,-82
1411802333816,-82
1411802334422,-80
1411802334447,-80
1411802335287,-89
1411802335307,-89
1411802335849,-77
1411802335887,-77
1411802336586,-74
1411802336608,-74
1411802337810,-77
1411802337841,-77
1411802338356,-81
1411802338388,-81
1411802338694,-78
1411802338729,-78
1411802339403,-79
1411802339427,-79
1411802339751,-77
1411802339811,-77
1411802340435,-77
1411802340464,-77
1411802340789,-79
1411802340821,-79
1411802341155,-79
1411802341199,-79
1411802342273,-79
1411802342297,-79
1411802343468,-77
1411802343490,-77
1411802343970,-80
1411802343992,-80
1411802344385,-76
1411802344417,-76
1411802344685,-79
1411802344738,-79
1411802345050,-79
1411802345108,-79
1411802345525,-75
1411802345547,-75
1411802345807,-80
1411802345830,-80
1411802346482,-79
1411802346525,-79
1411802346890,-76
1411802346921,-76
1411802347188,-79
1411802347253,-79
1411802347532,-79
1411802347581,-79
1411802348024,-76
1411802348250,-82
1411802348278,-82
1411802348590,-76
1411802349362,-76
1411802349394,-76
1411802350032,-77
1411802350056,-77
1411802350439,-77
1411802350474,-77
1411802351784,-79
1411802351814,-79
1411802352170,-77
1411802352851,-75
1411802352870,-75
1411802353258,-76
1411802353282,-76
1411802353985,-79
1411802354067,-79
1411802354425,-76
1411802354445,-76
1411802354632,-76
1411802354663,-76
1411802356137,-78
1411802356160,-78
1411802356437,-76
1411802356915,-78
1411802356936,-78
1411802357190,-76
1411802357856,-76
1411802357888,-76
1411802358589,-80
1411802358620,-80
1411802360299,-77
1411802360349,-77
1411802360756,-79
1411802360787,-79
1411802361039,-81
1411802361077,-81
1411802362070,-82
1411802362105,-82
1411802364208,-83
1411802364254,-83
1411802364952,-73
1411802364992,-73
1411802365275,-77
1411802365313,-77
1411802365607,-79
1411802365633,-79
1411802365967,-79
1411802365989,-79
1411802366325,-77
1411802366354,-77
1411802366675,-81
1411802366709,-81
1411802367037,-76
1411802367075,-76
1411802367414,-79
1411802367476,-79
1411802367748,-81
1411802367767,-81
1411802368525,-78
1411802368547,-78
1411802368816,-79
1411802368841,-79
1411802369205,-86
1411802369233,-86
1411802369537,-84
1411802369584,-84
1411802371000,-81
1411802371298,-88
1411802371322,-88
1411802372133,-82
1411802372156,-82
1411802373434,-88
1411802373499,-88
1411802374608,-81
1411802374629,-81
1411802374846,-87
1411802374883,-87
1411802375916,-88
1411802375940,-88
1411802376706,-88
1411802376730,-88
1411802378455,-83
1411802378483,-83
1411802382479,-86
1411802382504,-86
1411802383190,-87
1411802383210,-87
1411802384934,-84
1411802384965,-84
1411802386754,-85
1411802386778,-85
1411802386997,-84
1411802387022,-84
1411802387701,-83
1411802387734,-83
1411802390555,-80
1411802390666,-80
1411802391290,-84
1411802391323,-84
1411802391631,-74
1411802391652,-74
1411802392669,-71
1411802392690,-71
1411802392981,-70
1411802393001,-70
1411802393754,-73
1411802393780,-73
1411802394069,-74
1411802394090,-74
1411802394388,-72
1411802394424,-72
1411802395874,-73
1411802395899,-73
1411802397337,-76
1411802397387,-76
1411802397652,-77
1411802397673,-77
1411802397982,-77
1411802398001,-77
1411802398278,-77
1411802398316,-77
1411802399085,-80
1411802399127,-80
1411802399401,-75
1411802399564,-75
1411802400477,-81
1411802400521,-81
1411802400857,-77
1411802400878,-77
1411802404301,-73
1411802404330,-73
1411802405126,-75
1411802405148,-75
1411802405766,-72
1411802405907,-72
1411802406825,-73
1411802406849,-73
1411802407522,-70
1411802407544,-70
1411802408622,-71
1411802408643,-71
1411802409760,-70
1411802409807,-70
1411802410062,-69
1411802410084,-69
1411802410482,-72
1411802410501,-72
1411802410837,-71
1411802410859,-71
1411802411460,-73
1411802411482,-73
1411802411827,-69
1411802411882,-69
1411802412197,-72
1411802412229,-72
1411802412909,-76
1411802412938,-76
1411802413433,-76
1411802413454,-76
1411802413953,-73
1411802413974,-73
1411802414351,-74
1411802414379,-74
1411802414691,-73
1411802414717,-73
1411802414970,-72
1411802414990,-72
1411802415738,-74
1411802415765,-74
1411802416104,-72
1411802416132,-72
1411802416488,-73
1411802416510,-73
1411802416774,-74
1411802416796,-74
1411802417098,-76
1411802417133,-76
1411802418998,-76
1411802419616,-72
1411802419645,-72
1411802419999,-75
1411802420025,-75
1411802420754,-84
1411802420782,-84
1411802421539,-72
1411802421562,-72
1411802422072,-73
1411802422093,-73
1411802422478,-73
1411802422504,-73
1411802422822,-70
1411802422851,-70
1411802423198,-71
1411802423223,-71
1411802423532,-71
1411802423663,-71
1411802424399,-71
1411802424437,-71
1411802424556,-75
1411802424577,-75
1411802424997,-70
1411802425021,-70
1411802425351,-72
1411802425378,-72
1411802426104,-77
1411802426135,-77
1411802426349,-77
1411802426370,-77
1411802426738,-69
1411802426759,-69
1411802427139,-69
1411802427167,-69
1411802427430,-75
1411802427458,-75
1411802428169,-68
1411802428189,-68
1411802428519,-71
1411802428544,-71
1411802429252,-69
1411802429274,-69
1411802429951,-70
1411802429974,-70
1411802430271,-72
1411802430300,-72
1411802430782,-72
1411802430803,-72
1411802431387,-71
1411802431413,-71
1411802431758,-75
1411802431778,-75
1411802432107,-75
1411802432129,-75
1411802432829,-69
1411802433000,-69
1411802433243,-74
1411802433267,-74
1411802433514,-74
1411802433536,-74
1411802433848,-70
1411802433882,-70
1411802434320,-74
1411802434355,-74
1411802435000,-73
1411802435034,-73
1411802435694,-73
1411802435983,-70
1411802436017,-70
1411802436391,-73
1411802436433,-73
1411802437146,-72
1411802437181,-72
1411802437378,-70
1411802437416,-70
1411802437853,-73
1411802437887,-73
1411802438201,-72
1411802438223,-72
1411802438899,-73
1411802438933,-73
1411802439525,-70
1411802439558,-70
1411802439962,-72
1411802439999,-72
1411802440215,-74
1411802440240,-74
1411802440673,-73
1411802440698,-73
1411802441681,-72
1411802441703,-72
1411802441986,-72
1411802442013,-72
1411802442396,-75
1411802442418,-75
1411802442680,-74
1411802442700,-74
1411802443077,-72
1411802443111,-72
1411802443407,-70
1411802443441,-70
1411802444101,-74
1411802444127,-74
1411802444590,-72
1411802444610,-72
1411802444805,-72
1411802444834,-72
1411802445212,-74
1411802445550,-70
1411802445575,-70
1411802445898,-72
1411802445924,-72
1411802446283,-72
1411802446303,-72
1411802446631,-73
1411802446663,-73
1411802446962,-72
1411802446982,-72
1411802447809,-74
1411802447830,-74
1411802448477,-74
1411802448498,-74
1411802448762,-70
1411802448792,-70
1411802449084,-74
1411802449135,-74
1411802449463,-72
1411802449848,-70
1411802449871,-70
1411802450175,-73
1411802450201,-73
1411802450528,-70
1411802450554,-70
1411802450847,-73
1411802450873,-73
1411802451562,-70
1411802451587,-70
1411802451911,-70
1411802451933,-70
1411802452376,-70
1411802452398,-70
1411802452615,-71
1411802452635,-71
1411802453712,-72
1411802453736,-72
1411802454056,-72
1411802454080,-72
1411802454432,-73
1411802454471,-73
1411802454735,-75
1411802454757,-75
1411802455232,-73
1411802455253,-73
1411802455813,-72
1411802455867,-72
1411802456927,-70
1411802456952,-70
1411802457245,-72
1411802457270,-72
1411802458053,-73
1411802458080,-73
1411802458293,-73
1411802458324,-73
1411802459010,-72
1411802459033,-72
1411802459383,-72
1411802459414,-72
1411802459718,-70
1411802459740,-70
1411802460146,-72
1411802460184,-72
1411802460493,-72
1411802460527,-72
1411802460771,-70
1411802460794,-70
1411802461163,-73
1411802461547,-74
1411802461577,-74
1411802461980,-73
1411802462103,-73
1411802462550,-72
1411802462582,-72
1411802463957,-73
1411802463998,-73
1411802464520,-75
1411802464757,-75
1411802465789,-73
1411802465809,-73
1411802466104,-74
1411802466122,-74
1411802466995,-70
1411802467020,-70
1411802467904,-72
1411802467926,-72
1411802468307,-72
1411802468329,-72
1411802468597,-70
1411802468618,-70
1411802469784,-72
1411802469814,-72
1411802471085,-71
1411802471103,-71
1411802471400,-71
1411802471432,-71
1411802472539,-72
1411802472682,-72
1411802473173,-73
1411802473215,-73
1411802473525,-74
1411802473552,-74
1411802474232,-71
1411802474258,-71
1411802474593,-73
1411802474635,-73
1411802474949,-72
1411802474986,-72
1411802476028,-68
1411802476053,-68
1411802476428,-71
1411802476449,-71
1411802477422,-70
1411802477458,-70
1411802477869,-73
1411802477893,-73
1411802478124,-72
1411802478142,-72
1411802478834,-70
1411802479201,-70
1411802479256,-70
1411802479544,-73
1411802479580,-73
1411802480318,-73
1411802480435,-73
1411802480680,-71
1411802480964,-72
1411802481002,-72
1411802481777,-71
1411802482034,-73
1411802482077,-73
1411802482399,-73
1411802482438,-73
1411802483148,-72
1411802483168,-72
1411802483503,-73
1411802483523,-73
1411802483798,-73
1411802483822,-73
1411802484535,-73
1411802484572,-73
1411802484865,-70
1411802484895,-70
1411802485976,-73
1411802486008,-73
1411802486647,-72
1411802486704,-72
1411802487027,-73
1411802487055,-73
1411802487353,-72
1411802487380,-72
1411802487709,-73
1411802487741,-73
1411802488825,-68
1411802488845,-68
1411802489483,-70
1411802489511,-70
1411802489838,-70
1411802489915,-70
1411802490180,-73
1411802490225,-73
1411802490529,-73
1411802490552,-73
1411802491633,-71
1411802491664,-71
1411802491991,-71
1411802492026,-71
1411802492333,-72
1411802492367,-72
1411802492660,-71
1411802492684,-71
1411802493762,-73
1411802493782,-73
1411802494088,-72
1411802494118,-72
1411802494449,-70
1411802494469,-70
1411802495275,-73
1411802495303,-73
1411802495492,-68
1411802495517,-68
1411802496230,-73
1411802496611,-70
1411802496636,-70
1411802497009,-73
1411802497052,-73
1411802497775,-73
1411802497796,-73
1411802498354,-70
1411802498393,-70
1411802498759,-73
1411802498791,-73
1411802500211,-71
1411802500236,-71
1411802500510,-70
1411802500535,-70
1411802500905,-73
1411802500940,-73
1411802501636,-68
1411802501661,-68
1411802501933,-73
1411802501969,-73
1411802502289,-70
1411802502320,-70
1411802502639,-72
1411802502660,-72
1411802502977,-73
1411802502999,-73
1411802503337,-71
1411802503368,-71
1411802503707,-73
1411802503747,-73
1411802504402,-73
1411802504430,-73
1411802504802,-70
1411802504878,-70
1411802505846,-73
1411802505881,-73
1411802506595,-71
1411802506623,-71
1411802506894,-71
1411802506913,-71
1411802507287,-73
1411802507311,-73
1411802507598,-74
1411802507630,-74
1411802507949,-72
1411802507975,-72
1411802508310,-73
1411802508351,-73
1411802508705,-70
1411802508734,-70
1411802509425,-73
1411802509458,-73
1411802510068,-74
1411802510120,-74
1411802510431,-72
1411802510465,-72
1411802510799,-72
1411802510848,-72
1411802511304,-70
1411802511328,-70
1411802511507,-70
1411802511534,-70
1411802512986,-71
1411802513008,-71
1411802513294,-72
1411802513328,-72
1411802513629,-72
1411802513856,-72
1411802514054,-70
1411802514075,-70
1411802514363,-72
1411802514401,-72
1411802515047,-70
1411802515081,-70
1411802515397,-72
1411802515437,-72
1411802515865,-73
1411802516107,-72
1411802516135,-72
1411802516498,-72
1411802516537,-72
1411802516822,-73
1411802516847,-73
1411802517211,-70
1411802517243,-70
1411802517559,-70
1411802517605,-70
1411802517899,-72
1411802517940,-72
1411802518295,-70
1411802518317,-70
1411802518601,-73
1411802518632,-73
1411802519382,-70
1411802519405,-70
1411802519712,-72
1411802519743,-72
1411802520444,-70
1411802520730,-72
1411802520776,-72
1411802521123,-71
1411802521439,-73
1411802521796,-72
1411802521835,-72
1411802522905,-70
1411802522930,-70
1411802523210,-73
1411802523247,-73
1411802523564,-72
1411802523592,-72
1411802523953,-73
1411802523986,-73
1411802524286,-73
1411802524334,-73
1411802524700,-72
1411802524732,-72
1411802525049,-70
1411802525192,-70
1411802525330,-73
1411802525358,-73
1411802525688,-70
1411802525723,-70
1411802526041,-72
1411802526072,-72
1411802527467,-72
1411802527511,-72
1411802528930,-72
1411802528964,-72
1411802529254,-72
1411802529289,-72
1411802529603,-71
1411802529642,-71
1411802530360,-72
1411802530384,-72
1411802530660,-71
1411802530699,-71
1411802531012,-73
1411802531058,-73
1411802533492,-73
1411802533518,-73
1411802533858,-72
1411802533907,-72
1411802534571,-70
1411802534603,-70
1411802534915,-73
1411802534957,-73
1411802535270,-73
1411802535396,-73
1411802535978,-73
1411802536018,-73
1411802536329,-73
1411802536362,-73
1411802536704,-73
1411802536736,-73
1411802537410,-73
1411802537442,-73
1411802537882,-73
1411802537905,-73
1411802538140,-73
1411802538161,-73
1411802538466,-71
1411802538495,-71
1411802539170,-70
1411802539204,-70
1411802539517,-70
1411802539544,-70
1411802539894,-72
1411802539927,-72
1411802540234,-74
1411802540255,-74
1411802540590,-72
1411802540625,-72
1411802541312,-73
1411802541369,-73
1411802541688,-73
1411802541720,-73
1411802542414,-73
1411802542435,-73
1411802542760,-72
1411802542788,-72
1411802543076,-72
1411802543107,-72
1411802543421,-72
1411802543452,-72
1411802543782,-73
1411802543851,-73
1411802544135,-73
1411802544159,-73
1411802544556,-70
1411802544576,-70
1411802544849,-72
1411802544878,-72
1411802545200,-70
1411802545222,-70
1411802545559,-70
1411802545586,-70
1411802545921,-73
1411802545954,-73
1411802546268,-73
1411802546301,-73
1411802546668,-70
1411802546691,-70
1411802546969,-70
1411802546997,-70
1411802547381,-71
1411802547430,-71
1411802547679,-72
1411802547708,-72
1411802548035,-72
1411802548075,-72
1411802548801,-73
1411802548832,-73
1411802549095,-70
1411802549119,-70
1411802549807,-74
1411802549851,-74
1411802550186,-73
1411802550208,-73
1411802550512,-71
1411802550549,-71
1411802550877,-73
1411802550911,-73
1411802551581,-72
1411802551615,-72
1411802551941,-70
1411802551982,-70
1411802552306,-73
1411802552339,-73
1411802553011,-70
1411802553054,-70
1411802553372,-70
1411802553405,-70
1411802553781,-70
1411802553826,-70
1411802554072,-72
1411802554093,-72
1411802554812,-70
1411802554843,-70
1411802555148,-68
1411802555186,-68
1411802555498,-70
1411802555519,-70
1411802556212,-70
1411802556293,-70
1411802557301,-73
1411802557335,-73
1411802558694,-72
1411802558734,-72
1411802559419,-73
1411802559442,-73
1411802559760,-70
1411802559788,-70
1411802560118,-71
1411802560142,-71
1411802560470,-70
1411802560494,-70
1411802560835,-70
1411802561001,-70
1411802561555,-72
1411802561636,-72
1411802561886,-73
1411802561910,-73
1411802562254,-73
1411802562295,-73
1411802562616,-71
1411802562652,-71
1411802563669,-72
1411802563693,-72
1411802564394,-72
1411802564434,-72
1411802564743,-72
1411802564772,-72
1411802566525,-72
1411802566544,-72
1411802567225,-72
1411802567955,-73
1411802568306,-70
1411802568338,-70
1411802569006,-73
1411802569058,-73
1411802569732,-73
1411802569774,-73
1411802570078,-70
1411802570111,-70
1411802570442,-73
1411802570475,-73
1411802570784,-74
1411802570812,-74
1411802573274,-74
1411802573327,-74
1411802573625,-72
1411802573653,-72
1411802573987,-73
1411802574022,-73
1411802574330,-72
1411802574359,-72
1411802574694,-73
1411802574752,-73
1411802575085,-72
1411802575116,-72
1411802575397,-73
1411802575429,-73
1411802575745,-71
1411802575771,-71
1411802576104,-71
1411802576265,-71
1411802576554,-72
1411802576578,-72
1411802576812,-73
1411802576847,-73
1411802577527,-73
1411802577568,-73
1411802578587,-71
1411802578608,-71
1411802579011,-71
1411802579035,-71
1411802579288,-73
1411802579323,-73
1411802579650,-72
1411802579686,-72
1411802580369,-72
1411802580410,-72
1411802580799,-73
1411802580825,-73
1411802581052,-72
1411802581085,-72
1411802581405,-72
1411802581429,-72
1411802582127,-73
1411802582159,-73
1411802582526,-70
1411802582551,-70
1411802582824,-73
1411802582861,-73
1411802583168,-73
1411802583189,-73
1411802584605,-72
1411802584624,-72
1411802585007,-73
1411802585036,-73
1411802585314,-73
1411802585668,-74
1411802585702,-74
1411802586017,-73
1411802586037,-73
1411802586375,-73
1411802586397,-73
1411802587090,-72
1411802587131,-72
1411802587621,-70
1411802587644,-70
1411802588163,-71
1411802588194,-71
1411802588515,-73
1411802588556,-73
1411802588869,-70
1411802588893,-70
1411802589233,-70
1411802589270,-70
1411802590993,-71
1411802591017,-71
1411802591355,-72
1411802591402,-72
1411802591702,-73
1411802591735,-73
1411802592056,-70
1411802592097,-70
1411802592419,-70
1411802592459,-70
1411802592850,-73
1411802592875,-73
1411802593108,-73
1411802593132,-73
1411802593465,-73
1411802593491,-73
1411802594209,-72
1411802594241,-72
1411802594536,-72
1411802594578,-72
1411802595243,-70
1411802595276,-70
1411802595592,-70
1411802595629,-70
1411802596017,-70
1411802596054,-70
1411802596308,-73
1411802596338,-73
1411802596668,-73
1411802596707,-73
1411802597459,-70
1411802597478,-70
1411802597742,-73
1411802597799,-73
1411802598794,-73
1411802598824,-73
1411802599149,-73
1411802599176,-73
1411802599588,-70
1411802599607,-70
1411802599856,-72
1411802599975,-72
1411802600607,-72
1411802600638,-72
1411802600929,-72
1411802600963,-72
1411802601273,-73
1411802601308,-73
1411802601636,-72
1411802601698,-72
1411802602691,-74
1411802602718,-74
1411802603060,-72
1411802603092,-72
1411802603468,-73
1411802603495,-73
1411802603758,-70
1411802603785,-70
1411802604124,-72
1411802604163,-72
1411802605182,-71
1411802605217,-71
1411802605901,-72
1411802605952,-72
1411802606256,-75
1411802606295,-75
1411802606601,-74
1411802606633,-74
1411802606947,-73
1411802606984,-73
1411802608022,-72
1411802608047,-72
1411802608375,-73
1411802608399,-73
1411802608726,-73
1411802608748,-73
1411802609802,-76
1411802609878,-76
1411802610873,-69
1411802610897,-69
1411802611233,-76
1411802611272,-76
1411802611570,-77
1411802611590,-77
1411802612348,-71
1411802612371,-71
1411802612642,-72
1411802612668,-72
1411802613340,-66
1411802613395,-66
1411802614049,-67
1411802614080,-67
1411802615119,-76
1411802615143,-76
1411802615470,-80
1411802615490,-80
1411802615829,-76
1411802615878,-76
1411802616178,-75
1411802616203,-75
1411802616531,-77
1411802616552,-77
1411802616885,-79
1411802616907,-79
1411802617604,-78
1411802617635,-78
1411802617947,-76
1411802617968,-76
1411802618317,-71
1411802618353,-71
1411802618703,-79
1411802618727,-79
1411802619032,-79
1411802619053,-79
1411802619384,-71
1411802619425,-71
1411802619780,-90
1411802619800,-90
1411802620109,-75
1411802620135,-75
1411802620447,-77
1411802620468,-77
1411802620806,-76
1411802620834,-76
1411802621144,-82
1411802621168,-82
1411802622247,-78
1411802622268,-78
1411802622569,-78
1411802622593,-78
1411802622935,-79
1411802622961,-79
1411802623277,-78
1411802623302,-78
1411802623619,-78
1411802623641,-78
1411802624331,-75
1411802624354,-75
1411802625039,-75
1411802625059,-75
1411802625398,-81
1411802625441,-81
1411802625748,-82
1411802625772,-82
1411802626101,-80
1411802626123,-80
1411802626456,-77
1411802626481,-77
1411802627173,-83
1411802627201,-83
1411802627513,-77
1411802627547,-77
1411802627868,-81
1411802627891,-81
1411802628228,-82
1411802628249,-82
1411802628591,-76
1411802628684,-76
1411802629002,-81
1411802629022,-81
1411802629293,-76
1411802629317,-76
1411802629705,-78
1411802629727,-78
1411802630069,-76
1411802630106,-76
1411802630364,-77
1411802630399,-77
1411802631120,-75
1411802631154,-75
1411802631780,-75
1411802631801,-75
1411802632498,-77
1411802632544,-77
1411802632840,-76
1411802632866,-76
1411802633645,-80
1411802633671,-80
1411802633911,-73
1411802633941,-73
1411802634618,-75
1411802634654,-75
1411802635051,-80
1411802635073,-80
1411802635336,-74
1411802635358,-74
1411802635677,-83
1411802635698,-83
1411802636052,-76
1411802636080,-76
1411802636411,-76
1411802636487,-76
1411802636758,-74
1411802636787,-74
1411802637459,-77
1411802637479,-77
1411802637818,-73
1411802637842,-73
1411802638172,-74
1411802638193,-74
1411802638525,-78
1411802638545,-78
1411802638893,-78
1411802638914,-78
1411802639236,-73
1411802639360,-73
1411802639594,-73
1411802639615,-73
1411802639948,-79
1411802639973,-79
1411802641116,-77
1411802641149,-77
1411802641385,-74
1411802641421,-74
1411802641854,-78
1411802641890,-78
1411802642225,-75
1411802642246,-75
1411802642431,-76
1411802642457,-76
1411802642793,-79
1411802642815,-79
1411802643512,-80
1411802643552,-80
1411802643842,-81
1411802643863,-81
1411802644313,-76
1411802644338,-76
1411802644550,-77
1411802644569,-77
1411802646003,-80
1411802646028,-80
1411802646449,-75
1411802646470,-75
1411802646682,-75
1411802646702,-75
1411802647413,-75
1411802647434,-75
1411802647749,-81
1411802647769,-81
1411802648810,-79
1411802648830,-79
1411802649160,-76
1411802649186,-76
1411802649511,-73
1411802649537,-73
1411802649870,-77
1411802649908,-77
1411802650999,-80
1411802651027,-80
1411802651285,-79
1411802651311,-79
1411802651643,-74
1411802651666,-74
1411802652707,-72
1411802652729,-72
1411802653220,-77
1411802653242,-77
1411802653797,-68
1411802653824,-68
1411802654127,-73
1411802654154,-73
1411802655315,-77
1411802655350,-77
1411802655597,-76
1411802655721,-76
1411802656260,-76
1411802656289,-76
1411802656609,-77
1411802656640,-77
1411802657372,-79
1411802657406,-79
1411802657674,-77
1411802657759,-77
1411802658380,-79
1411802658410,-79
1411802658757,-74
1411802658792,-74
1411802659088,-77
1411802659319,-77
1411802659512,-74
1411802659532,-74
1411802659833,-77
1411802659873,-77
1411802660538,-76
1411802660559,-76
1411802660891,-76
1411802660921,-76
1411802661224,-79
1411802661247,-79
1411802661612,-78
1411802661648,-78
1411802662985,-75
1411802663011,-75
1411802663345,-75
1411802663382,-75
1411802663706,-74
1411802663728,-74
1411802664527,-74
1411802664771,-75
1411802664913,-75
1411802665114,-81
1411802665137,-81
1411802665476,-80
1411802665501,-80
1411802665831,-75
1411802665876,-75
1411802666543,-76
1411802666567,-76
1411802667018,-76
1411802667044,-76
1411802667248,-81
1411802667272,-81
1411802667586,-77
1411802667619,-77
1411802669033,-80
1411802669065,-80
1411802669771,-75
1411802669807,-75
1411802670194,-76
1411802670220,-76
1411802670853,-76
1411802670893,-76
1411802671152,-79
1411802671243,-79
1411802671593,-75
1411802671618,-75
1411802671874,-77
1411802671902,-77
1411802672245,-76
1411802672270,-76
1411802672554,-76
1411802672573,-76
1411802672897,-74
1411802672929,-74
1411802673363,-76
1411802673430,-76
1411802673601,-80
1411802673637,-80
1411802674360,-75
1411802674749,-79
1411802674777,-79
1411802675065,-80
1411802675089,-80
1411802675398,-79
1411802675420,-79
1411802675845,-75
1411802675866,-75
1411802676131,-78
1411802676169,-78
1411802676445,-80
1411802676507,-80
1411802676785,-76
1411802676809,-76
1411802677522,-75
1411802677859,-80
1411802677879,-80
1411802678333,-80
1411802678354,-80
1411802678638,-76
1411802678672,-76
1411802678930,-75
1411802678961,-75
1411802679285,-71
1411802679316,-71
1411802679688,-75
1411802679724,-75
1411802680730,-74
1411802681496,-77
1411802681568,-77
1411802682214,-74
1411802682549,-77
1411802682580,-77
1411802682836,-76
1411802682994,-76
1411802684276,-76
1411802684640,-79
1411802684673,-79
1411802684989,-76
1411802685008,-76
1411802685744,-75
1411802685769,-75
1411802686072,-75
1411802686103,-75
1411802686396,-81
1411802686466,-81
1411802686774,-77
1411802686797,-77
1411802687163,-75
1411802687194,-75
1411802687479,-79
1411802687669,-79
1411802688167,-74
1411802688200,-74
1411802688574,-76
1411802688605,-76
1411802688958,-75
1411802688980,-75
1411802689586,-79
1411802689628,-79
1411802689941,-75
1411802690022,-75
1411802690397,-80
1411802690415,-80
1411802690680,-75
1411802690705,-75
1411802691049,-75
1411802691082,-75
1411802691362,-75
1411802691383,-75
1411802691777,-79
1411802692144,-80
1411802692172,-80
1411802692849,-76
1411802692887,-76
1411802693184,-76
1411802693205,-76
1411802693582,-76
1411802693611,-76
1411802694563,-75
1411802694603,-75
1411802695331,-81
1411802695404,-81
1411802695637,-75
1411802695665,-75
1411802696042,-75
1411802696074,-75
1411802696401,-79
1411802696424,-79
1411802696755,-74
1411802696786,-74
1411802697134,-79
1411802697166,-79
1411802697783,-80
1411802697812,-80
1411802698516,-80
1411802698551,-80
1411802698909,-76
1411802698941,-76
1411802699566,-80
1411802699589,-80
1411802700277,-75
1411802700315,-75
1411802700966,-80
1411802700998,-80
1411802701335,-76
1411802701386,-76
1411802701673,-76
1411802701716,-76
1411802702396,-76
1411802702423,-76
1411802702764,-75
1411802702784,-75
1411802703135,-79
1411802703156,-79
1411802703444,-80
1411802703481,-80
1411802703810,-75
1411802703846,-75
1411802704492,-74
1411802704528,-74
1411802705379,-75
1411802705401,-75
1411802705622,-80
1411802706033,-79
1411802706058,-79
1411802706322,-78
1411802706353,-78
1411802707743,-73
1411802707870,-73
1411802708836,-80
1411802708858,-80
1411802709141,-75
1411802709176,-75
1411802709492,-80
1411802709555,-80
1411802710196,-80
1411802711599,-76
1411802712654,-78
1411802712676,-78
1411802713356,-75
1411802713389,-75
1411802713753,-77
1411802714067,-75
1411802714091,-75
1411802714422,-75
1411802714460,-75
1411802714789,-80
1411802714828,-80
1411802715506,-76
1411802715538,-76
1411802716199,-75
1411802716221,-75
1411802716904,-80
1411802716966,-80
1411802717653,-74
1411802717680,-74
1411802718030,-76
1411802718058,-76
1411802718315,-74
1411802718340,-74
1411802718664,-75
1411802718690,-75
1411802719385,-79
1411802719427,-79
1411802719720,-77
1411802719741,-77
1411802720082,-80
1411802720122,-80
1411802720427,-78
1411802720450,-78
1411802721492,-80
1411802721521,-80
1411802721849,-75
1411802721899,-75
1411802723700,-78
1411802723721,-78
1411802723962,-80
1411802723986,-80
1411802724312,-76
1411802724343,-76
1411802725389,-77
1411802725434,-77
1411802726108,-80
1411802726129,-80
1411802726445,-79
1411802726479,-79
1411802726814,-78
1411802726855,-78
1411802727162,-77
1411802727186,-77
1411802727874,-76
1411802727906,-76
1411802728237,-75
1411802728277,-75
1411802728578,-77
1411802728602,-77
1411802729990,-76
1411802730021,-76
1411802730349,-77
1411802730382,-77
1411802731101,-80
1411802731139,-80
1411802731419,-79
1411802731451,-79
1411802732124,-77
1411802732160,-77
1411802732471,-76
1411802732496,-76
1411802732828,-74
1411802732879,-74
1411802733457,-80
1411802733490,-80
1411802733889,-80
1411802733929,-80
1411802734257,-77
1411802734308,-77
1411802736061,-81
1411802736083,-81
1411802736384,-76
1411802736430,-76
1411802736738,-76
1411802736774,-76
1411802737442,-76
1411802737471,-76
1411802737841,-79
1411802737877,-79
1411802738539,-77
1411802738584,-77
1411802738864,-75
1411802738898,-75
1411802739224,-74
1411802739273,-74
1411802739925,-74
1411802739950,-74
1411802741032,-75
1411802741084,-75
1411802741351,-76
1411802741389,-76
1411802743133,-79
1411802743169,-79
1411802744193,-77
1411802744544,-75
1411802744566,-75
1411802744911,-77
1411802744951,-77
1411802745267,-82
1411802745359,-82
1411802745625,-76
1411802745658,-76
1411802746089,-83
1411802746119,-83
1411802746328,-74
1411802746355,-74
1411802747049,-76
1411802747074,-76
1411802747763,-82
1411802747795,-82
1411802748479,-75
1411802748518,-75
1411802748952,-75
1411802748981,-75
1411802749903,-75
1411802750592,-74
1411802750626,-74
1411802750946,-74
1411802750980,-74
1411802751298,-81
1411802751321,-81
1411802752721,-75
1411802752760,-75
1411802753090,-83
1411802753122,-83
1411802753439,-75
1411802753475,-75
1411802754140,-75
1411802754173,-75
1411802754847,-77
1411802754878,-77
1411802755923,-75
1411802756258,-74
1411802756300,-74
1411802757321,-71
1411802757346,-71
1411802757682,-75
1411802757719,-75
1411802758066,-75
1411802758098,-75
1411802758404,-77
1411802758440,-77
1411802759108,-76
1411802759140,-76
1411802759457,-74
1411802759545,-74
1411802761648,-79
1411802761667,-79
1411802761949,-80
1411802761974,-80
1411802762319,-79
1411802762369,-79
1411802763375,-79
1411802763734,-81
1411802764097,-77
1411802764437,-74
1411802764461,-74
1411802764789,-79
1411802764820,-79
1411802765149,-77
1411802765182,-77
1411802766219,-73
1411802766250,-73
1411802767276,-74
1411802767302,-74
1411802767624,-74
1411802767646,-74
1411802768401,-77
1411802768433,-77
1411802768903,-79
1411802768928,-79
1411802769457,-79
1411802769768,-74
1411802769792,-74
1411802771191,-74
1411802771233,-74
1411802771678,-74
1411802771716,-74
1411802771945,-79
1411802771965,-79
1411802772256,-73
1411802772343,-73
1411802772609,-73
1411802772636,-73
1411802773671,-76
1411802773703,-76
1411802774018,-79
1411802774050,-79
1411802775013,-75
1411802775038,-75
1411802775431,-77
1411802775454,-77
1411802776844,-74
1411802776873,-74
1411802777197,-77
1411802777235,-77
1411802780096,-73
1411802780125,-73
1411802780392,-74
1411802780416,-74
1411802780748,-73
1411802780767,-73
1411802781164,-74
1411802781247,-74
1411802781467,-77
1411802781500,-77
1411802781843,-73
1411802781879,-73
1411802782217,-77
1411802782241,-77
1411802782553,-79
1411802782588,-79
1411802782882,-79
1411802782916,-79
1411802783233,-76
1411802783258,-76
1411802784393,-77
1411802784413,-77
1411802785008,-74
1411802785053,-74
1411802785409,-76
1411802785437,-76
1411802785705,-79
1411802785746,-79
1411802786045,-74
1411802786070,-74
1411802786402,-77
1411802786444,-77
1411802787212,-75
1411802787237,-75
1411802787476,-79
1411802787494,-79
1411802788198,-80
1411802788217,-80
1411802788517,-75
1411802788536,-75
1411802788885,-73
1411802788927,-73
1411802790028,-78
1411802790052,-78
1411802791743,-77
1411802792909,-78
1411802792928,-78
1411802793175,-77
1411802793217,-77
1411802793606,-73
1411802793876,-77
1411802793899,-77
1411802794246,-76
1411802794278,-76
1411802794648,-72
1411802794676,-72
1411802794936,-72
1411802794984,-72
1411802795999,-77
1411802796108,-77
1411802796422,-76
1411802796451,-76
1411802796710,-78
1411802796737,-78
1411802797118,-78
1411802797154,-78
1411802797422,-77
1411802797451,-77
1411802797874,-73
1411802797901,-73
1411802799198,-74
1411802799218,-74
1411802799604,-73
1411802799634,-73
1411802799901,-74
1411802799946,-74
1411802800265,-78
1411802800311,-78
1411802801008,-79
1411802801035,-79
1411802801326,-78
1411802801377,-78
1411802801693,-79
1411802801738,-79
1411802802747,-74
1411802803110,-76
1411802803153,-76
1411802803802,-73
1411802803825,-73
1411802804526,-73
1411802804566,-73
1411802806012,-82
1411802806032,-82
1411802806285,-79
1411802806323,-79
1411802806638,-78
1411802806660,-78
1411802807716,-77
1411802807752,-77
1411802808061,-75
1411802808090,-75
1411802808575,-79
1411802808599,-79
1411802808813,-74
1411802808837,-74
1411802809125,-75
1411802809176,-75
1411802809829,-74
1411802809866,-74
1411802811007,-79
1411802811034,-79
1411802811234,-74
1411802811272,-74
1411802811624,-79
1411802811648,-79
1411802811948,-78
1411802811989,-78
1411802812303,-79
1411802812349,-79
1411802812653,-74
1411802812737,-74
1411802813355,-76
1411802813380,-76
1411802814062,-72
1411802814084,-72
1411802814418,-74
1411802814457,-74
1411802814780,-75
1411802814821,-75
1411802815148,-76
1411802815169,-76
1411802815540,-79
1411802815561,-79
1411802815846,-72
1411802815885,-72
1411802816554,-82
1411802816590,-82
1411802816908,-79
1411802816950,-79
1411802817622,-84
1411802817647,-84
1411802819035,-76
1411802819067,-76
1411802819753,-76
1411802819786,-76
1411802820115,-77
1411802820149,-77
