F021/9E93,RSSI
1411801357771,-79
1411801357795,-79
1411801358216,-77
1411801358237,-77
1411801358488,-75
1411801358514,-75
1411801359222,-75
1411801359243,-75
1411801359613,-78
1411801359647,-78
1411801360331,-87
1411801360360,-87
1411801360750,-79
1411801360777,-79
1411801360970,-84
1411801361008,-84
1411801361318,-75
1411801361345,-75
1411801362024,-81
1411801362045,-81
1411801362741,-75
1411801362823,-75
1411801363495,-76
1411801363539,-76
1411801364553,-75
1411801364574,-75
1411801365268,-85
1411801365294,-85
1411801367342,-80
1411801367364,-80
1411801367703,-86
1411801367757,-86
1411801368519,-77
1411801368555,-77
1411801369257,-82
1411801369283,-82
1411801369526,-76
1411801369554,-76
1411801369935,-81
1411801369978,-81
1411801370540,-84
1411801370574,-84
1411801370904,-82
1411801370926,-82
1411801371238,-81
1411801371267,-81
1411801371620,-81
1411801371651,-81
1411801372139,-82
1411801372161,-82
1411801372714,-83
1411801372739,-83
1411801373148,-81
1411801373188,-81
1411801373737,-86
1411801373758,-86
1411801375308,-77
1411801375338,-77
1411801375524,-81
1411801375570,-81
1411801375887,-76
1411801375908,-76
1411801376618,-82
1411801376644,-82
1411801377298,-84
1411801377335,-84
1411801377733,-83
1411801377757,-83
1411801378017,-78
1411801378056,-78
1411801379509,-80
1411801379559,-80
1411801380139,-83
1411801380172,-83
1411801380486,-77
1411801380507,-77
1411801381227,-82
1411801381253,-82
1411801381929,-81
1411801381950,-81
1411801382617,-76
1411801382639,-76
1411801383328,-77
1411801383377,-77
1411801384118,-79
1411801384185,-79
1411801385795,-77
1411801385821,-77
1411801386914,-86
1411801386938,-86
1411801387271,-79
1411801387291,-79
1411801387981,-85
1411801388007,-85
1411801388363,-85
1411801388385,-85
1411801388641,-80
1411801388669,-80
1411801388990,-78
1411801389012,-78
1411801389384,-77
1411801389447,-77
1411801390073,-79
1411801390093,-79
1411801390419,-78
1411801390441,-78
1411801390798,-77
1411801390822,-77
1411801391182,-78
1411801391204,-78
1411801391491,-78
1411801391512,-78
1411801391900,-79
1411801392014,-79
1411801393741,-85
1411801393761,-85
1411801393982,-79
1411801394132,-79
1411801394337,-79
1411801394357,-79
1411801394700,-85
1411801394721,-85
1411801395049,-80
1411801395092,-80
1411801395777,-76
1411801395802,-76
1411801396267,-78
1411801396289,-78
1411801396457,-79
1411801396483,-79
1411801396876,-74
1411801396953,-74
1411801397210,-78
1411801397248,-78
1411801397928,-87
1411801397966,-87
1411801398291,-87
1411801398315,-87
1411801399664,-79
1411801399689,-79
1411801400374,-79
1411801400408,-79
1411801400721,-77
1411801400755,-77
1411801401582,-77
1411801401604,-77
1411801402553,-78
1411801402604,-78
1411801402863,-89
1411801402895,-89
1411801403301,-79
1411801403339,-79
1411801404115,-76
1411801404139,-76
1411801405344,-80
1411801405379,-80
1411801405767,-76
1411801405800,-76
1411801406063,-79
1411801406107,-79
1411801407860,-79
1411801407899,-79
1411801408214,-80
1411801408239,-80
1411801408915,-79
1411801408953,-79
1411801409283,-77
1411801409319,-77
1411801409618,-78
1411801409640,-78
1411801409952,-76
1411801409974,-76
1411801410711,-74
1411801410749,-74
1411801411750,-78
1411801411773,-78
1411801412090,-77
1411801412129,-77
1411801412435,-77
1411801412459,-77
1411801413538,-76
1411801413570,-76
1411801413870,-77
1411801413937,-77
1411801414214,-75
1411801414237,-75
1411801414599,-77
1411801414754,-77
1411801415651,-78
1411801415674,-78
1411801416027,-77
1411801416049,-77
1411801416700,-77
1411801416724,-77
1411801417196,-78
1411801417220,-78
1411801417407,-74
1411801417431,-74
1411801418170,-78
1411801418208,-78
1411801418496,-78
1411801418522,-78
1411801418865,-86
1411801418898,-86
1411801419254,-86
1411801419287,-86
1411801419538,-85
1411801419684,-85
1411801419933,-78
1411801420351,-79
1411801420383,-79
1411801420621,-77
1411801420679,-77
1411801420979,-87
1411801421407,-79
1411801421442,-79
1411801421685,-76
1411801421717,-76
1411801422732,-78
1411801422753,-78
1411801423448,-77
1411801423470,-77
1411801423792,-77
1411801423824,-77
1411801424527,-86
1411801424558,-86
1411801424902,-85
1411801424934,-85
1411801425249,-76
1411801425269,-76
1411801425692,-78
1411801425739,-78
1411801426710,-78
1411801426856,-78
1411801426995,-78
1411801427020,-78
1411801428103,-86
1411801428122,-86
1411801428851,-76
1411801428883,-76
1411801429138,-76
1411801429172,-76
1411801429480,-78
1411801429519,-78
1411801430190,-83
1411801430274,-83
1411801430543,-83
1411801430566,-83
1411801430919,-77
1411801430944,-77
1411801431246,-77
1411801431271,-77
1411801431681,-77
1411801431711,-77
1411801431959,-77
1411801431978,-77
1411801432420,-87
1411801432439,-87
1411801433454,-78
1411801433489,-78
1411801434446,-78
1411801434498,-78
1411801435170,-77
1411801435201,-77
1411801435518,-84
1411801435552,-84
1411801435911,-85
1411801435935,-85
1411801436236,-78
1411801436260,-78
1411801437422,-76
1411801437449,-76
1411801437992,-79
1411801438029,-79
1411801438789,-77
1411801438817,-77
1411801439057,-79
1411801439093,-79
1411801439887,-77
1411801439919,-77
1411801440463,-78
1411801440484,-78
1411801440862,-78
1411801441894,-79
1411801441934,-79
1411801442410,-79
1411801442431,-79
1411801443434,-78
1411801443472,-78
1411801443703,-79
1411801443765,-79
1411801444372,-77
1411801444403,-77
1411801445141,-80
1411801445162,-80
1411801445431,-79
1411801445457,-79
1411801445857,-78
1411801445890,-78
1411801446145,-77
1411801446171,-77
1411801446860,-78
1411801446892,-78
1411801447590,-80
1411801447614,-80
1411801447975,-77
1411801448054,-77
1411801448640,-76
1411801448993,-78
1411801449023,-78
1411801450153,-78
1411801450173,-78
1411801450830,-76
1411801450856,-76
1411801451119,-80
1411801451144,-80
1411801451583,-85
1411801451616,-85
1411801451859,-79
1411801451882,-79
1411801452592,-75
1411801452624,-75
1411801452960,-79
1411801452992,-79
1411801453253,-74
1411801453285,-74
1411801453970,-76
1411801454004,-76
1411801454398,-79
1411801454421,-79
1411801455029,-79
1411801455061,-79
1411801455386,-80
1411801455421,-80
1411801455751,-79
1411801455773,-79
1411801456526,-88
1411801456558,-88
1411801456812,-77
1411801456843,-77
1411801457163,-78
1411801457187,-78
1411801458273,-78
1411801458304,-78
1411801458638,-80
1411801458670,-80
1411801459001,-86
1411801459033,-86
1411801459377,-75
1411801459410,-75
1411801459650,-85
1411801459675,-85
1411801460102,-78
1411801460128,-78
1411801460801,-77
1411801460835,-77
1411801461876,-79
1411801461910,-79
1411801462136,-79
1411801462161,-79
1411801462621,-79
1411801462645,-79
1411801463921,-80
1411801463942,-80
1411801465371,-89
1411801465403,-89
1411801465762,-78
1411801465842,-78
1411801466069,-77
1411801466102,-77
1411801466386,-83
1411801466418,-83
1411801466850,-77
1411801466892,-77
1411801467517,-79
1411801467549,-79
1411801468157,-84
1411801468182,-84
1411801468926,-87
1411801468959,-87
1411801469220,-79
1411801469256,-79
1411801470069,-88
1411801470094,-88
1411801470324,-78
1411801470348,-78
1411801471058,-79
1411801471090,-79
1411801472160,-76
1411801472183,-76
1411801472857,-77
1411801472880,-77
1411801473144,-79
1411801473165,-79
1411801474255,-77
1411801474319,-77
1411801474573,-78
1411801474596,-78
1411801475722,-77
1411801475751,-77
1411801476006,-74
1411801476028,-74
1411801476376,-78
1411801476409,-78
1411801476736,-80
1411801476768,-80
1411801477769,-79
1411801477792,-79
1411801478214,-78
1411801478239,-78
1411801478871,-78
1411801478902,-78
1411801479630,-79
1411801479684,-79
1411801480331,-79
1411801480364,-79
1411801481014,-80
1411801481050,-80
1411801481377,-78
1411801481401,-78
1411801481707,-74
1411801481742,-74
1411801482076,-78
1411801482109,-78
1411801482442,-78
1411801482464,-78
1411801484600,-77
1411801484622,-77
1411801484913,-76
1411801484936,-76
1411801485255,-76
1411801485279,-76
1411801485979,-74
1411801486005,-74
1411801486338,-79
1411801486372,-79
1411801487023,-85
1411801487042,-85
1411801487370,-88
1411801487402,-88
1411801487715,-87
1411801487739,-87
1411801488433,-87
1411801488465,-87
1411801488780,-78
1411801488803,-78
1411801490912,-78
1411801490936,-78
1411801491695,-79
1411801491727,-79
1411801491981,-77
1411801492005,-77
1411801492696,-77
1411801492723,-77
1411801493527,-77
1411801493547,-77
1411801493756,-77
1411801493788,-77
1411801495990,-78
1411801496014,-78
1411801496244,-77
1411801496295,-77
1411801497360,-78
1411801497380,-78
1411801497658,-78
1411801497681,-78
1411801498504,-78
1411801498524,-78
1411801498712,-77
1411801498738,-77
1411801499424,-77
1411801499449,-77
1411801499812,-78
1411801499856,-78
1411801500486,-77
1411801500506,-77
1411801500842,-78
1411801500861,-78
1411801501899,-78
1411801501922,-78
1411801502668,-78
1411801502692,-78
1411801503007,-78
1411801503039,-78
1411801503451,-80
1411801503477,-80
1411801503685,-88
1411801503707,-88
1411801504487,-78
1411801504521,-78
1411801505506,-76
1411801505549,-76
1411801505951,-79
1411801505970,-79
1411801506529,-78
1411801506565,-78
1411801507251,-79
1411801507284,-79
1411801507584,-79
1411801507611,-79
1411801509368,-77
1411801509398,-77
1411801509759,-77
1411801509782,-77
1411801510478,-77
1411801510511,-77
1411801511137,-89
1411801511164,-89
1411801511513,-80
1411801511537,-80
1411801512250,-79
1411801512272,-79
1411801513352,-76
1411801513376,-76
1411801514410,-79
1411801514442,-79
1411801515031,-80
1411801515053,-80
1411801515483,-76
1411801515507,-76
1411801517550,-76
1411801517575,-76
1411801517965,-78
1411801517991,-78
1411801518248,-87
1411801518280,-87
1411801519647,-76
1411801519673,-76
1411801520047,-76
1411801520120,-76
1411801520355,-78
1411801520378,-78
1411801520731,-79
1411801520754,-79
1411801521428,-86
1411801521447,-86
1411801521786,-76
1411801521805,-76
1411801522501,-78
1411801522543,-78
1411801523235,-80
1411801523272,-80
1411801523572,-77
1411801523604,-77
1411801524287,-87
1411801524321,-87
1411801524633,-77
1411801524664,-77
1411801525352,-78
1411801525396,-78
1411801526048,-77
1411801526073,-77
1411801527122,-75
1411801527175,-75
1411801527614,-78
1411801527638,-78
1411801527826,-78
1411801527849,-78
1411801528983,-78
1411801529017,-78
1411801529261,-77
1411801529294,-77
1411801529973,-81
1411801530006,-81
1411801531393,-82
1411801531421,-82
1411801531743,-74
1411801531766,-74
1411801534228,-82
1411801534248,-82
1411801534627,-83
1411801534662,-83
1411801535854,-76
1411801535877,-76
1411801536012,-80
1411801536037,-80
1411801536354,-76
1411801536380,-76
1411801537062,-80
1411801537088,-80
1411801537410,-79
1411801537437,-79
1411801538045,-76
1411801538093,-76
1411801538473,-80
1411801538495,-80
1411801539196,-79
1411801539220,-79
1411801539539,-78
1411801539559,-78
1411801539900,-80
1411801539933,-80
1411801540963,-76
1411801540996,-76
1411801541319,-80
1411801541436,-80
1411801541659,-87
1411801541680,-87
1411801542017,-80
1411801542038,-80
1411801542725,-77
1411801542746,-77
1411801543799,-80
1411801543830,-80
1411801544855,-80
1411801544876,-80
1411801545624,-76
1411801545688,-76
1411801545927,-79
1411801545960,-79
1411801546639,-79
1411801546672,-79
1411801547055,-77
1411801547088,-77
1411801548053,-75
1411801548085,-75
1411801548403,-73
1411801548424,-73
1411801549132,-68
1411801549191,-68
1411801549468,-76
1411801549505,-76
1411801550264,-73
1411801550284,-73
1411801550532,-75
1411801550563,-75
1411801551263,-74
1411801551286,-74
1411801552318,-75
1411801552354,-75
1411801552662,-74
1411801552695,-74
1411801553016,-74
1411801553043,-74
1411801553742,-74
1411801553770,-74
1411801554109,-78
1411801554130,-78
1411801554467,-73
1411801554497,-73
1411801554794,-75
1411801554817,-75
1411801556206,-77
1411801556230,-77
1411801557274,-78
1411801557306,-78
1411801557755,-76
1411801557782,-76
1411801558407,-77
1411801558726,-76
1411801558750,-76
1411801559053,-73
1411801559075,-73
1411801559403,-78
1411801559425,-78
1411801560110,-78
1411801560131,-78
1411801560463,-78
1411801560484,-78
1411801561269,-73
1411801561297,-73
1411801562606,-70
1411801562631,-70
1411801563381,-74
1411801563417,-74
1411801564062,-72
1411801564097,-72
1411801564384,-73
1411801564434,-73
1411801565120,-73
1411801565141,-73
1411801565430,-73
1411801565455,-73
1411801565922,-70
1411801565943,-70
1411801566839,-72
1411801566865,-72
1411801567287,-73
1411801567309,-73
1411801567558,-72
1411801567589,-72
1411801568065,-73
1411801568087,-73
1411801568265,-75
1411801568289,-75
1411801568651,-73
1411801568672,-73
1411801569759,-73
1411801569794,-73
1411801570044,-76
1411801570081,-76
1411801570401,-71
1411801570429,-71
1411801571108,-74
1411801571134,-74
1411801571527,-72
1411801571596,-72
1411801571835,-74
1411801571866,-74
1411801572909,-71
1411801572940,-71
1411801573681,-73
1411801573703,-73
1411801573953,-73
1411801573978,-73
1411801574303,-72
1411801574332,-72
1411801575012,-72
1411801575035,-72
1411801575370,-73
1411801575394,-73
1411801576062,-73
1411801576085,-73
1411801576275,-72
1411801576299,-72
1411801577176,-73
1411801577199,-73
1411801577521,-72
1411801577544,-72
1411801578326,-71
1411801578348,-71
1411801578611,-72
1411801578633,-72
1411801578928,-73
1411801578977,-73
1411801579624,-71
1411801579652,-71
1411801579981,-72
1411801580028,-72
1411801580401,-72
1411801580421,-72
1411801580732,-73
1411801580753,-73
1411801581144,-71
1411801581165,-71
1411801581748,-73
1411801581769,-73
1411801583162,-72
1411801583520,-73
1411801583552,-73
1411801583965,-72
1411801583986,-72
1411801584975,-72
1411801585001,-72
1411801586033,-71
1411801586080,-71
1411801586357,-74
1411801586384,-74
1411801586911,-73
1411801586932,-73
1411801587069,-73
1411801587190,-73
1411801588529,-72
1411801588560,-72
1411801588888,-72
1411801588920,-72
1411801589226,-73
1411801589247,-73
1411801589544,-72
1411801589567,-72
1411801589929,-73
1411801589987,-73
1411801590607,-72
1411801590717,-72
1411801590967,-71
1411801591009,-71
1411801591324,-70
1411801591346,-70
1411801592051,-73
1411801592073,-73
1411801592506,-72
1411801592536,-72
1411801593151,-73
1411801593171,-73
1411801593803,-72
1411801593826,-72
1411801594140,-72
1411801594164,-72
1411801594507,-72
1411801594542,-72
1411801594853,-73
1411801594891,-73
1411801595198,-72
1411801595254,-72
1411801595556,-71
1411801595583,-71
1411801596040,-72
1411801596066,-72
1411801596264,-72
1411801596284,-72
1411801596630,-73
1411801596660,-73
1411801597359,-72
1411801597380,-72
1411801597761,-68
1411801597782,-68
1411801598194,-73
1411801598217,-73
1411801599134,-73
1411801599156,-73
1411801599485,-72
1411801599507,-72
1411801599829,-72
1411801599851,-72
1411801600371,-72
1411801600394,-72
1411801600978,-72
1411801601020,-72
1411801601251,-72
1411801601277,-72
1411801602700,-72
1411801602768,-72
1411801603393,-72
1411801603438,-72
1411801603746,-72
1411801603778,-72
1411801604195,-73
1411801604222,-73
1411801605513,-73
1411801605601,-73
1411801605867,-72
1411801605890,-72
1411801606238,-72
1411801606271,-72
1411801606597,-72
1411801606694,-72
1411801606930,-72
1411801606954,-72
1411801608068,-73
1411801608101,-73
1411801608365,-68
1411801608398,-68
1411801608717,-72
1411801608755,-72
1411801609076,-72
1411801609110,-72
1411801610202,-68
1411801610223,-68
1411801610845,-68
1411801610888,-68
1411801611225,-73
1411801611259,-73
1411801611571,-73
1411801611594,-73
1411801611895,-73
1411801611918,-73
1411801612336,-71
1411801612711,-73
1411801612772,-73
1411801612952,-72
1411801612973,-72
1411801613316,-73
1411801613340,-73
1411801614393,-72
1411801614432,-72
1411801614887,-72
1411801614907,-72
1411801615836,-72
1411801615880,-72
1411801616213,-72
1411801616237,-72
1411801616518,-73
1411801616554,-73
1411801616880,-72
1411801616915,-72
1411801617588,-72
1411801617609,-72
1411801617950,-72
1411801617984,-72
1411801618300,-72
1411801618327,-72
1411801618651,-73
1411801618682,-73
1411801619009,-73
1411801619043,-73
1411801619379,-72
1411801619403,-72
1411801619715,-72
1411801619751,-72
1411801620070,-72
1411801620103,-72
1411801620769,-72
1411801620792,-72
1411801621138,-72
1411801621186,-72
1411801621502,-72
1411801621534,-72
1411801621838,-72
1411801621865,-72
1411801622233,-72
1411801622270,-72
1411801622596,-73
1411801622621,-73
1411801622911,-73
1411801622947,-73
1411801623285,-72
1411801623319,-72
1411801624082,-72
1411801624103,-72
1411801624336,-72
1411801624361,-72
1411801624716,-72
1411801624736,-72
1411801625047,-73
1411801625073,-73
1411801626187,-72
1411801626211,-72
1411801626498,-72
1411801626530,-72
1411801627191,-72
1411801627216,-72
1411801627546,-72
1411801627586,-72
1411801627992,-72
1411801628042,-72
1411801628239,-72
1411801628263,-72
1411801628603,-72
1411801628635,-72
1411801628958,-71
1411801628993,-71
1411801629312,-72
1411801629350,-72
1411801629671,-72
1411801629703,-72
1411801630128,-72
1411801630148,-72
1411801630371,-73
1411801630391,-73
1411801631078,-73
1411801631098,-73
1411801631435,-72
1411801631459,-72
1411801631793,-72
1411801631823,-72
1411801632247,-72
1411801632276,-72
1411801632504,-72
1411801632550,-72
1411801632863,-73
1411801632889,-73
1411801635000,-72
1411801635034,-72
1411801635731,-73
1411801635765,-73
1411801636095,-71
1411801636181,-71
1411801637213,-72
1411801637238,-72
1411801637486,-72
1411801637522,-72
1411801638202,-72
1411801638251,-72
1411801638554,-72
1411801638587,-72
1411801639261,-72
1411801639299,-72
1411801639965,-72
1411801640010,-72
1411801640327,-72
1411801640380,-72
1411801641028,-72
1411801641062,-72
1411801641389,-72
1411801641423,-72
1411801641744,-72
1411801641779,-72
1411801642112,-71
1411801642142,-71
1411801642801,-71
1411801642828,-71
1411801643190,-72
1411801643870,-71
1411801643907,-71
1411801644254,-72
1411801644322,-72
1411801644574,-72
1411801644597,-72
1411801645661,-73
1411801645685,-73
1411801645984,-72
1411801646009,-72
1411801646345,-71
1411801646379,-71
1411801646735,-72
1411801646772,-72
1411801647169,-73
1411801647194,-73
1411801647411,-72
1411801647434,-72
1411801649194,-74
1411801649234,-74
1411801649624,-73
1411801649650,-73
1411801649884,-73
1411801649904,-73
1411801650612,-71
1411801650641,-71
1411801650960,-72
1411801650995,-72
1411801651311,-72
1411801651336,-72
1411801651670,-71
1411801651700,-71
1411801652376,-71
1411801652411,-71
1411801652776,-72
1411801652806,-72
1411801653098,-71
1411801653125,-71
1411801653452,-72
1411801653481,-72
1411801653854,-72
1411801653881,-72
1411801654163,-72
1411801654194,-72
1411801654510,-72
1411801654550,-72
1411801654929,-72
1411801654961,-72
1411801655220,-72
1411801655247,-72
1411801655591,-72
1411801655616,-72
1411801655944,-71
1411801655985,-71
1411801656641,-71
1411801656674,-71
1411801657344,-71
1411801657383,-71
1411801657702,-72
1411801657732,-72
1411801658781,-72
1411801659141,-72
1411801659491,-72
1411801659837,-72
1411801659859,-72
1411801660205,-73
1411801660263,-73
1411801660556,-72
1411801660597,-72
1411801660907,-71
1411801661074,-71
1411801661291,-72
1411801661313,-72
1411801661619,-72
1411801661652,-72
1411801661979,-72
1411801662020,-72
1411801663070,-71
1411801663093,-71
1411801663832,-71
1411801663881,-71
1411801664107,-71
1411801664168,-71
1411801665161,-72
1411801665195,-72
1411801665519,-72
1411801665568,-72
1411801665974,-72
1411801665997,-72
1411801666208,-73
1411801666230,-73
1411801666565,-72
1411801666591,-72
1411801666938,-72
1411801666971,-72
1411801667315,-73
1411801667349,-73
1411801667636,-72
1411801667668,-72
1411801668034,-74
1411801668057,-74
1411801668342,-72
1411801668374,-72
1411801668716,-72
1411801668765,-72
1411801669409,-73
1411801669446,-73
1411801669766,-72
1411801669806,-72
1411801670543,-72
1411801670563,-72
1411801670827,-73
1411801670871,-73
1411801671184,-72
1411801671263,-72
1411801672708,-72
1411801672731,-72
1411801672955,-73
1411801672987,-73
1411801673315,-72
1411801673701,-72
1411801673727,-72
1411801674383,-72
1411801674441,-72
1411801675141,-72
1411801675162,-72
1411801675439,-72
1411801675469,-72
1411801676140,-72
1411801676159,-72
1411801676506,-72
1411801676536,-72
1411801676860,-71
1411801676901,-71
1411801677256,-72
1411801677298,-72
1411801677916,-73
1411801677944,-73
1411801678279,-72
1411801678314,-72
1411801678632,-73
1411801678666,-73
1411801678974,-73
1411801678999,-73
1411801679354,-72
1411801679374,-72
1411801679685,-72
1411801679715,-72
1411801681126,-72
1411801681173,-72
1411801681481,-73
1411801681506,-73
1411801681814,-73
1411801681847,-73
1411801682222,-72
1411801682247,-72
1411801682532,-72
1411801682577,-72
1411801682882,-72
1411801682915,-72
1411801683984,-72
1411801684021,-72
1411801684322,-72
1411801684344,-72
1411801684680,-72
1411801684820,-72
1411801685399,-73
1411801685448,-73
1411801685730,-72
1411801685757,-72
1411801686091,-73
1411801686131,-73
1411801686449,-72
1411801686475,-72
1411801686793,-71
1411801687281,-68
1411801687308,-68
1411801688922,-72
1411801688944,-72
1411801690072,-71
1411801690153,-71
1411801690349,-73
1411801690502,-73
1411801690690,-72
1411801690722,-72
1411801691101,-72
1411801691124,-72
1411801691402,-73
1411801691427,-73
1411801693683,-71
1411801693708,-71
1411801693940,-73
1411801693966,-73
1411801694371,-72
1411801694408,-72
1411801695079,-72
1411801695112,-72
1411801695373,-71
1411801695407,-71
1411801696171,-73
1411801696196,-73
1411801696417,-72
1411801696453,-72
1411801697113,-72
1411801697145,-72
1411801697540,-72
1411801697566,-72
1411801698184,-72
1411801698233,-72
1411801698542,-72
1411801698690,-72
1411801699295,-71
1411801699324,-71
1411801700023,-72
1411801700049,-72
1411801700309,-71
1411801700346,-71
1411801701042,-72
1411801701067,-72
1411801701416,-72
1411801701450,-72
1411801701726,-72
1411801701760,-72
1411801702466,-72
1411801702504,-72
1411801702850,-71
1411801702933,-71
1411801703144,-72
1411801703183,-72
1411801703609,-71
1411801703628,-71
1411801703846,-71
1411801703878,-71
1411801704288,-72
1411801704315,-72
1411801704963,-71
1411801704995,-71
1411801705326,-72
1411801705363,-72
1411801706125,-73
1411801706150,-73
1411801706331,-72
1411801706357,-72
1411801706684,-71
1411801706723,-71
1411801707097,-72
1411801707128,-72
1411801707746,-73
1411801707786,-73
1411801708174,-71
1411801708258,-71
1411801708612,-73
1411801708833,-72
1411801708869,-72
1411801709221,-71
1411801709300,-71
1411801709533,-72
1411801709555,-72
1411801709915,-72
1411801709958,-72
1411801710249,-72
1411801710273,-72
1411801710751,-72
1411801710773,-72
1411801710936,-71
1411801710963,-71
1411801711677,-73
1411801711701,-73
1411801712028,-73
1411801712052,-73
1411801712353,-71
1411801712372,-71
1411801713214,-73
1411801713243,-73
1411801713413,-72
1411801713435,-72
1411801714183,-73
1411801714216,-73
1411801714520,-72
1411801714551,-72
1411801715189,-72
1411801715223,-72
1411801715656,-72
1411801715678,-72
1411801715908,-72
1411801715935,-72
1411801716649,-72
1411801716697,-72
1411801716944,-73
1411801716968,-73
1411801717360,-72
1411801717380,-72
1411801718785,-72
1411801718815,-72
1411801719473,-71
1411801719507,-71
1411801719914,-72
1411801719935,-72
1411801720146,-72
1411801720202,-72
1411801720530,-72
1411801720552,-72
1411801720870,-72
1411801720894,-72
1411801721312,-71
1411801721346,-71
1411801721598,-71
1411801721631,-71
1411801722418,-72
1411801722441,-72
1411801723114,-71
1411801723137,-71
1411801723775,-72
1411801723794,-72
1411801724052,-72
1411801724078,-72
1411801724403,-72
1411801724432,-72
1411801725202,-71
1411801725228,-71
1411801725586,-73
1411801725621,-73
1411801725825,-72
1411801725855,-72
1411801726200,-72
1411801726229,-72
1411801726543,-72
1411801726574,-72
1411801727256,-73
1411801727615,-72
1411801727638,-72
1411801728085,-73
1411801728105,-73
1411801728365,-72
1411801728398,-72
1411801728671,-72
1411801729058,-72
1411801729144,-72
1411801729395,-72
1411801729439,-72
1411801730231,-72
1411801730256,-72
1411801730461,-72
1411801730481,-72
1411801730850,-72
1411801730877,-72
1411801731203,-72
1411801731244,-72
1411801731531,-72
1411801731555,-72
1411801731884,-73
1411801731934,-73
1411801732279,-72
1411801732314,-72
1411801732636,-71
1411801732658,-71
1411801732970,-72
1411801733003,-72
1411801733290,-72
1411801733329,-72
1411801733733,-72
1411801733773,-72
1411801734032,-72
1411801734181,-72
1411801734415,-73
1411801734435,-73
1411801734711,-72
1411801734743,-72
1411801735062,-72
1411801735088,-72
1411801735506,-73
1411801735539,-73
1411801735828,-73
1411801735860,-73
1411801736592,-73
1411801736612,-73
1411801736879,-72
1411801736911,-72
1411801737246,-73
1411801737274,-73
1411801737557,-73
1411801737580,-73
1411801737921,-72
1411801737949,-72
1411801738280,-73
1411801738304,-73
1411801738735,-72
1411801738762,-72
1411801739027,-72
1411801739070,-72
1411801739712,-73
1411801740077,-73
1411801740102,-73
1411801740462,-73
1411801740497,-73
1411801740850,-72
1411801740878,-72
1411801741101,-71
1411801741125,-71
1411801741478,-72
1411801741559,-72
1411801741813,-72
1411801741838,-72
1411801743672,-71
1411801743694,-71
1411801743947,-72
1411801743979,-72
1411801744304,-72
1411801744328,-72
1411801744749,-72
1411801744774,-72
1411801745217,-72
1411801745240,-72
1411801745903,-72
1411801745948,-72
1411801746075,-73
1411801746098,-73
1411801746514,-72
1411801746547,-72
1411801747540,-72
1411801747561,-72
1411801747861,-72
1411801747881,-72
1411801748240,-72
1411801748270,-72
1411801750410,-70
1411801750441,-70
1411801750712,-73
1411801751030,-72
1411801751052,-72
1411801751416,-72
1411801751441,-72
1411801751785,-72
1411801751817,-72
1411801752127,-73
1411801752149,-73
1411801752446,-75
1411801752472,-75
1411801752895,-72
1411801752930,-72
1411801753514,-72
1411801753543,-72
1411801754220,-75
1411801754240,-75
1411801754580,-76
1411801754601,-76
1411801754920,-72
1411801754948,-72
1411801755278,-72
1411801755302,-72
1411801755642,-72
1411801755670,-72
1411801756011,-75
1411801756039,-75
1411801756350,-70
1411801756382,-70
1411801756706,-72
1411801756734,-72
1411801757065,-72
1411801757098,-72
1411801757418,-72
1411801757447,-72
1411801757783,-74
1411801757805,-74
1411801758131,-72
1411801758171,-72
1411801758489,-65
1411801758524,-65
1411801759264,-75
1411801759285,-75
1411801759546,-72
1411801759566,-72
1411801759905,-77
1411801759927,-77
1411801760294,-75
1411801760315,-75
1411801760632,-75
1411801760656,-75
1411801761331,-76
1411801761368,-76
1411801761687,-78
1411801761723,-78
1411801762120,-73
1411801762155,-73
1411801763101,-81
1411801763131,-81
1411801764868,-71
1411801764901,-71
1411801766004,-72
1411801766033,-72
1411801766352,-74
1411801766373,-74
1411801766687,-74
1411801766718,-74
1411801767003,-72
1411801767029,-72
1411801768115,-74
1411801768140,-74
1411801768485,-75
1411801768509,-75
1411801769135,-74
1411801769162,-74
1411801770222,-72
1411801770245,-72
1411801770588,-73
1411801770621,-73
1411801770988,-73
1411801771009,-73
1411801772762,-72
1411801772785,-72
1411801773068,-73
1411801773100,-73
1411801773441,-73
1411801773469,-73
1411801773759,-74
1411801773786,-74
1411801774147,-74
1411801774177,-74
1411801774525,-71
1411801774554,-71
1411801774859,-71
1411801774881,-71
1411801775214,-72
1411801775239,-72
1411801775588,-71
1411801775618,-71
1411801775943,-73
1411801775965,-73
1411801776270,-72
1411801776294,-72
1411801776606,-73
1411801776632,-73
1411801776986,-79
1411801777028,-79
1411801777379,-74
1411801777402,-74
1411801778011,-70
1411801778040,-70
1411801778369,-78
1411801778397,-78
1411801779136,-76
1411801779165,-76
1411801779438,-77
1411801779479,-77
1411801779791,-82
1411801779825,-82
1411801780553,-76
1411801780584,-76
1411801780864,-68
1411801780900,-68
1411801781233,-72
1411801781270,-72
1411801781710,-74
1411801781739,-74
1411801782659,-72
1411801782684,-72
1411801783711,-72
1411801783781,-72
1411801784058,-71
1411801784083,-71
1411801784404,-72
1411801784424,-72
1411801784758,-73
1411801784780,-73
1411801785184,-74
1411801785225,-74
1411801785478,-79
1411801785512,-79
1411801786185,-87
1411801786216,-87
1411801786545,-75
1411801786569,-75
1411801786975,-73
1411801786999,-73
1411801787954,-88
1411801787978,-88
1411801788409,-83
1411801788443,-83
1411801789788,-73
1411801789817,-73
1411801790084,-73
1411801790111,-73
1411801790447,-77
1411801790476,-77
1411801791142,-78
1411801791167,-78
1411801791507,-73
1411801791539,-73
1411801791855,-73
1411801791880,-73
1411801792918,-73
1411801792953,-73
1411801793722,-75
1411801793743,-75
1411801794341,-79
1411801794367,-79
1411801794774,-73
1411801794819,-73
1411801795040,-73
1411801795067,-73
1411801795401,-78
1411801795422,-78
1411801795759,-78
1411801795789,-78
1411801796214,-74
1411801796240,-74
1411801796474,-78
1411801796522,-78
1411801796832,-73
1411801796852,-73
1411801797199,-81
1411801797222,-81
1411801797546,-77
1411801797567,-77
1411801797913,-73
1411801797951,-73
1411801798630,-73
1411801798654,-73
1411801798955,-73
1411801799031,-73
1411801799312,-74
1411801799333,-74
1411801800742,-73
1411801800781,-73
1411801801794,-79
1411801801820,-79
1411801802149,-72
1411801802172,-72
1411801803216,-74
1411801803237,-74
1411801803589,-75
1411801803611,-75
1411801804064,-79
1411801804084,-79
1411801805019,-74
1411801805050,-74
1411801806066,-74
1411801806110,-74
1411801806465,-74
1411801806502,-74
1411801806874,-73
1411801806900,-73
1411801807122,-73
1411801807157,-73
1411801807856,-79
1411801807935,-79
1411801808196,-73
1411801808231,-73
1411801808544,-74
1411801808579,-74
1411801808933,-74
1411801808954,-74
1411801809353,-74
1411801809373,-74
1411801809605,-74
1411801809630,-74
1411801809954,-79
1411801809974,-79
1411801810672,-73
1411801811013,-73
1411801811039,-73
1411801811378,-77
1411801811399,-77
1411801811790,-74
1411801811814,-74
1411801812122,-73
1411801812183,-73
1411801813153,-72
1411801813179,-72
1411801813508,-73
1411801813585,-73
1411801813861,-74
1411801813885,-74
1411801814570,-74
1411801814592,-74
1411801814962,-73
1411801815000,-73
1411801815689,-73
1411801815711,-73
1411801815989,-77
1411801816013,-77
1411801816712,-74
1411801816735,-74
1411801817165,-74
1411801817191,-74
1411801817418,-78
1411801817438,-78
1411801817776,-77
1411801817807,-77
1411801819196,-78
1411801819602,-74
1411801819632,-74
1411801819931,-78
1411801819959,-78
1411801820267,-72
1411801820293,-72
1411801820622,-78
1411801820651,-78
1411801820965,-73
1411801820991,-73
1411801821347,-79
1411801821395,-79
1411801822064,-73
1411801822097,-73
1411801822403,-73
1411801822447,-73
1411801822740,-74
1411801822772,-74
1411801823096,-74
1411801823131,-74
1411801823452,-77
1411801823489,-77
1411801824162,-73
1411801824209,-73
1411801824897,-73
1411801824930,-73
1411801825581,-77
1411801825613,-77
1411801826648,-78
1411801826675,-78
1411801827717,-72
1411801827738,-72
1411801828810,-73
1411801828831,-73
1411801829136,-74
1411801829162,-74
1411801832324,-73
1411801832342,-73
1411801832693,-73
1411801832712,-73
1411801834127,-74
1411801834151,-74
1411801834464,-72
1411801834489,-72
1411801835172,-74
1411801835318,-74
1411801835534,-74
1411801835565,-74
1411801835886,-77
1411801835906,-77
1411801838759,-77
1411801838780,-77
1411801839087,-74
1411801839108,-74
1411801839800,-74
1411801839824,-74
1411801841212,-78
1411801841233,-78
1411801841569,-72
1411801841590,-72
1411801841919,-73
1411801841938,-73
1411801842280,-78
1411801842302,-78
1411801842635,-77
1411801842663,-77
1411801842982,-74
1411801843010,-74
1411801843755,-78
1411801843779,-78
1411801844058,-73
1411801844103,-73
1411801844424,-73
1411801844448,-73
1411801844751,-74
1411801844780,-74
1411801845153,-74
1411801845189,-74
1411801845483,-73
1411801845533,-73
1411801846264,-75
1411801846292,-75
1411801846883,-75
1411801846914,-75
1411801847242,-75
1411801847281,-75
1411801847602,-76
1411801847639,-76
1411801847952,-75
1411801847974,-75
1411801848694,-73
1411801848715,-73
1411801849104,-78
1411801849132,-78
1411801849363,-74
1411801849386,-74
1411801850806,-75
1411801850837,-75
1411801851234,-78
1411801851264,-78
1411801851490,-78
1411801851512,-78
1411801852214,-73
1411801852233,-73
1411801852916,-78
1411801852936,-78
1411801853286,-78
1411801853307,-78
1411801854420,-74
1411801854441,-74
1411801855047,-74
1411801855067,-74
1411801855399,-73
1411801855437,-73
1411801855760,-74
1411801855796,-74
1411801856114,-78
1411801856157,-78
1411801856483,-73
1411801856508,-73
1411801856981,-74
1411801857008,-74
1411801857527,-78
1411801857551,-78
1411801858270,-75
1411801858302,-75
1411801858610,-74
1411801858655,-74
1411801859301,-80
1411801859337,-80
1411801860067,-74
1411801860097,-74
1411801860749,-76
1411801860780,-76
1411801861077,-74
1411801861113,-74
1411801861816,-74
1411801861835,-74
1411801862141,-73
1411801862162,-73
1411801862522,-74
1411801862556,-74
1411801862862,-74
1411801862911,-74
1411801863549,-75
1411801863570,-75
1411801863924,-76
1411801863962,-76
1411801864261,-74
1411801864287,-74
1411801864620,-74
1411801864657,-74
1411801864972,-75
1411801865011,-75
1411801865328,-78
1411801865356,-78
1411801865687,-74
1411801865714,-74
1411801866043,-74
1411801866066,-74
1411801866408,-73
1411801866438,-73
1411801866763,-74
1411801866807,-74
1411801867131,-74
1411801867156,-74
1411801868237,-74
1411801868519,-76
1411801868545,-76
1411801868876,-79
1411801868903,-79
1411801869263,-78
1411801869293,-78
1411801869584,-78
1411801869617,-78
1411801869937,-78
1411801869973,-78
1411801870395,-74
1411801870426,-74
1411801870647,-75
1411801870668,-75
1411801871715,-74
1411801871740,-74
1411801872061,-78
1411801872080,-78
1411801872421,-78
1411801872454,-78
1411801872766,-74
1411801872787,-74
1411801873485,-74
1411801873514,-74
1411801873982,-74
1411801874002,-74
1411801874192,-75
1411801874218,-75
1411801875256,-79
1411801875308,-79
1411801876778,-74
1411801876802,-74
1411801877039,-78
1411801877062,-78
1411801877409,-77
1411801877438,-77
1411801878105,-74
1411801878151,-74
1411801878515,-72
1411801878548,-72
1411801878854,-74
1411801878887,-74
1411801879174,-80
1411801879210,-80
1411801879557,-75
1411801879692,-75
1411801879876,-74
1411801879902,-74
1411801880248,-76
1411801880284,-76
1411801880963,-75
1411801881006,-75
1411801881656,-74
1411801881697,-74
1411801882142,-79
1411801882165,-79
1411801882369,-78
1411801882405,-78
1411801882765,-78
1411801882791,-78
1411801883088,-78
1411801883138,-78
1411801884143,-78
1411801884614,-78
1411801884641,-78
1411801884869,-77
1411801884959,-77
1411801885219,-77
1411801885251,-77
1411801885580,-76
1411801885621,-76
1411801885942,-79
1411801885987,-79
1411801886287,-75
1411801886320,-75
1411801886653,-74
1411801886738,-74
1411801887089,-75
1411801887112,-75
1411801887713,-75
1411801887747,-75
1411801888420,-79
1411801888452,-79
1411801888772,-79
1411801888808,-79
1411801889129,-75
1411801889171,-75
1411801889839,-73
1411801889870,-73
1411801890202,-79
1411801890227,-79
1411801890964,-80
1411801890985,-80
1411801891250,-74
1411801891278,-74
1411801892006,-79
1411801892130,-79
1411801892304,-74
1411801892324,-74
1411801892663,-79
1411801892690,-79
1411801893023,-80
1411801893054,-80
1411801893380,-80
1411801893413,-80
1411801893729,-78
1411801893781,-78
1411801895160,-74
1411801895196,-74
1411801895518,-74
1411801895549,-74
1411801895976,-74
1411801896000,-74
1411801896572,-75
1411801896603,-75
1411801896924,-80
1411801896957,-80
1411801897276,-73
1411801897307,-73
1411801897627,-79
1411801897657,-79
1411801897976,-75
1411801898000,-75
1411801898443,-73
1411801898476,-73
1411801898688,-79
1411801898719,-79
1411801899050,-74
1411801899107,-74
1411801899394,-74
1411801899422,-74
1411801900107,-75
1411801900140,-75
1411801900508,-73
1411801900542,-73
1411801900822,-75
1411801900862,-75
1411801901161,-73
1411801901185,-73
1411801901931,-71
1411801901964,-71
1411801902234,-77
1411801902272,-77
1411801902642,-74
1411801902686,-74
1411801903767,-75
1411801903786,-75
1411801904027,-74
1411801904062,-74
1411801904756,-74
1411801904788,-74
1411801905067,-74
1411801905104,-74
1411801906566,-73
1411801906587,-73
1411801906831,-73
1411801906859,-73
1411801907204,-73
1411801907249,-73
1411801907556,-75
1411801907589,-75
1411801907901,-78
1411801907922,-78
1411801909401,-73
1411801909427,-73
1411801909671,-74
1411801909701,-74
1411801910055,-78
1411801910081,-78
1411801910393,-79
1411801910439,-79
1411801910749,-73
1411801910781,-73
1411801911454,-74
1411801911487,-74
1411801911899,-79
1411801911918,-79
1411801912161,-73
1411801912192,-73
1411801912513,-75
1411801912541,-75
1411801912889,-75
1411801912983,-75
1411801913582,-75
1411801913609,-75
1411801914002,-75
1411801914036,-75
1411801915006,-78
1411801915035,-78
1411801915419,-75
1411801915452,-75
1411801915717,-76
1411801915769,-76
1411801916082,-75
1411801916101,-75
1411801916776,-74
1411801916907,-74
1411801917130,-78
1411801917149,-78
1411801917489,-78
1411801917527,-78
1411801917846,-75
1411801917881,-75
1411801918194,-78
1411801918228,-78
1411801918573,-79
1411801918625,-79
1411801918932,-77
1411801918967,-77
1411801919268,-75
1411801919302,-75
1411801919647,-79
1411801919674,-79
1411801919975,-75
1411801920000,-75
1411801920351,-75
1411801920384,-75
1411801920682,-74
1411801920700,-74
1411801921105,-75
1411801921392,-73
1411801921432,-73
1411801921752,-76
1411801921796,-76
1411801922117,-75
1411801922163,-75
1411801922476,-79
1411801922509,-79
1411801922969,-75
1411801922993,-75
1411801923173,-79
1411801923199,-79
1411801923530,-74
1411801923574,-74
1411801923885,-74
1411801923925,-74
1411801924583,-74
1411801924612,-74
1411801924948,-74
1411801925006,-74
1411801925301,-73
1411801925341,-73
1411801926775,-73
1411801926799,-73
1411801927095,-78
1411801927130,-78
1411801927427,-74
1411801927465,-74
1411801927788,-79
1411801927818,-79
1411801928249,-78
1411801928392,-78
1411801928665,-75
1411801928687,-75
1411801928839,-78
1411801928871,-78
1411801929304,-74
1411801929326,-74
1411801929552,-74
1411801929576,-74
1411801929945,-77
1411801929966,-77
1411801930307,-78
1411801930350,-78
1411801930789,-75
1411801930814,-75
1411801930970,-75
1411801930995,-75
1411801931683,-78
1411801931706,-78
1411801932056,-75
1411801932099,-75
1411801932397,-74
1411801932446,-74
1411801933172,-73
1411801933206,-73
1411801933599,-80
1411801933871,-79
1411801933907,-79
1411801934235,-74
1411801934257,-74
1411801934923,-75
1411801934946,-75
1411801935254,-75
1411801936650,-75
1411801936671,-75
1411801937037,-71
1411801937067,-71
1411801937457,-75
1411801937488,-75
1411801937748,-79
1411801937771,-79
1411801938147,-74
1411801938510,-78
1411801938580,-78
1411801938777,-75
1411801938906,-75
1411801940263,-76
1411801940291,-76
1411801940561,-74
1411801940954,-73
1411801940990,-73
1411801941349,-79
1411801941374,-79
1411801941986,-73
1411801942027,-73
1411801942352,-74
1411801942379,-74
1411801942799,-74
1411801942818,-74
1411801943074,-75
1411801943107,-75
1411801943446,-74
1411801943480,-74
1411801943756,-75
1411801943780,-75
1411801944309,-78
1411801944334,-78
1411801944455,-75
1411801944482,-75
1411801945243,-80
1411801945270,-80
1411801945563,-78
1411801945595,-78
1411801945946,-73
1411801945978,-73
1411801946321,-75
1411801946345,-75
1411801947024,-76
1411801947064,-76
1411801947339,-77
1411801947363,-77
1411801947658,-74
1411801947707,-74
1411801948461,-74
1411801948493,-74
1411801949870,-74
1411801949895,-74
1411801950185,-74
1411801950228,-74
1411801950497,-75
1411801950530,-75
1411801950902,-73
1411801950930,-73
1411801951548,-77
1411801951571,-77
1411801951908,-72
1411801951958,-72
1411801952303,-73
1411801952336,-73
1411801952617,-77
1411801952643,-77
1411801953387,-74
1411801953423,-74
1411801953703,-76
1411801953740,-76
1411801954105,-74
1411801954131,-74
1411801954423,-74
1411801954470,-74
1411801954771,-73
1411801954798,-73
1411801955502,-75
1411801955531,-75
1411801955814,-72
1411801955850,-72
1411801956239,-76
1411801956274,-76
1411801956591,-77
1411801956625,-77
1411801957287,-76
1411801957310,-76
1411801957625,-78
1411801957665,-78
1411801958306,-86
1411801958338,-86
1411801958649,-84
1411801958676,-84
1411801959003,-75
1411801959042,-75
1411801959397,-75
1411801959418,-75
1411801961577,-76
1411801961610,-76
1411801961921,-76
1411801961959,-76
1411801962190,-83
1411801962216,-83
1411801962611,-77
1411801962651,-77
1411801962947,-76
1411801962966,-76
1411801963987,-77
1411801964008,-77
1411801964681,-79
1411801964716,-79
1411801965064,-78
1411801965098,-78
1411801965784,-80
1411801965804,-80
1411801966082,-80
1411801966104,-80
1411801966795,-75
1411801966817,-75
1411801967154,-76
1411801967182,-76
1411801967514,-77
1411801967552,-77
1411801967856,-75
1411801967882,-75
1411801969684,-77
1411801969981,-79
1411801970010,-79
1411801970692,-75
1411801970715,-75
1411801971039,-75
1411801971063,-75
1411801971406,-76
1411801971436,-76
1411801971745,-78
1411801971769,-78
1411801972103,-80
1411801972127,-80
1411801972492,-78
1411801972523,-78
1411801972803,-75
1411801972834,-75
1411801973185,-77
1411801973214,-77
1411801973522,-77
1411801973596,-77
1411801974258,-79
1411801974292,-79
1411801974570,-75
1411801974598,-75
1411801974964,-78
1411801974984,-78
1411801975305,-72
1411801975337,-72
1411801976035,-68
1411801976200,-68
1411801977073,-69
1411801977103,-69
1411801977432,-75
1411801977468,-75
1411801977758,-71
1411801977779,-71
1411801978509,-65
1411801978542,-65
1411801979179,-77
1411801979205,-77
1411801979562,-73
1411801979594,-73
1411801979890,-73
1411801979914,-73
1411801980673,-73
1411801980726,-73
1411801981153,-74
1411801981188,-74
1411801981380,-74
1411801981424,-74
1411801981751,-77
1411801981787,-77
1411801982392,-73
1411801982427,-73
1411801983083,-78
1411801983106,-78
1411801983441,-79
1411801983625,-79
1411801984138,-79
1411801984158,-79
1411801984552,-74
1411801984581,-74
1411801985039,-75
1411801985061,-75
1411801985211,-74
1411801985232,-74
1411801985554,-71
1411801985584,-71
1411801985967,-76
1411801985988,-76
1411801986276,-84
1411801986298,-84
1411801986632,-77
1411801986658,-77
1411801986991,-75
1411801987017,-75
1411801987331,-77
1411801987351,-77
1411801987688,-71
1411801987711,-71
1411801988188,-77
1411801988212,-77
1411801988798,-69
1411801988831,-69
1411801989113,-70
1411801989151,-70
1411801989531,-88
1411801989552,-88
1411801989830,-76
1411801989852,-76
1411801990187,-77
1411801990230,-77
1411801990569,-79
1411801990590,-79
1411801990880,-84
1411801990902,-84
1411801991238,-72
1411801991272,-72
1411801991604,-78
1411801991625,-78
1411801992003,-86
1411801992052,-86
1411801992298,-80
1411801992342,-80
1411801993074,-73
1411801993109,-73
1411801993504,-73
1411801993525,-73
1411801994087,-80
1411801994109,-80
1411801994431,-73
1411801994480,-73
1411801994804,-73
1411801994836,-73
1411801995194,-88
1411801995219,-88
1411801995501,-86
1411801995530,-86
1411801996202,-74
1411801996225,-74
1411801996573,-74
1411801996600,-74
1411801996914,-74
1411801996935,-74
1411801997283,-72
1411801997329,-72
1411801997968,-74
1411801997996,-74
1411801998324,-79
1411801998348,-79
1411801999072,-79
1411801999095,-79
1411801999382,-72
1411801999407,-72
1411801999793,-74
1411801999815,-74
1411802000108,-72
1411802000131,-72
1411802000822,-82
1411802000852,-82
1411802001886,-75
1411802001919,-75
1411802002243,-73
1411802002272,-73
1411802002957,-74
1411802002978,-74
1411802003315,-74
1411802003363,-74
1411802003669,-76
1411802003691,-76
1411802004023,-74
1411802004049,-74
1411802004388,-77
1411802004460,-77
1411802004786,-79
1411802004814,-79
1411802005080,-80
1411802005105,-80
1411802006142,-78
1411802006172,-78
1411802006497,-74
1411802006530,-74
1411802006851,-75
1411802006871,-75
1411802007947,-76
1411802007980,-76
1411802009018,-75
1411802009051,-75
1411802009328,-74
1411802009356,-74
1411802010089,-75
1411802010123,-75
1411802010494,-80
1411802010527,-80
1411802010757,-74
1411802010790,-74
1411802011543,-81
1411802011586,-81
1411802011964,-78
1411802012118,-78
1411802012558,-77
1411802012583,-77
1411802012884,-82
1411802012920,-82
1411802013281,-78
1411802013308,-78
1411802013591,-76
1411802013640,-76
1411802013963,-81
1411802014006,-81
1411802014379,-74
1411802014406,-74
1411802015069,-85
1411802015106,-85
1411802015707,-80
1411802015728,-80
1411802016139,-75
1411802016174,-75
1411802017224,-75
1411802017257,-75
1411802017684,-76
1411802017900,-78
1411802017984,-78
1411802020001,-75
1411802020027,-75
1411802020699,-77
1411802020721,-77
1411802021084,-76
1411802021105,-76
1411802021382,-76
1411802021415,-76
1411802022077,-78
1411802022097,-78
1411802024234,-79
1411802024259,-79
1411802024920,-77
1411802024948,-77
1411802025316,-77
1411802025342,-77
1411802025732,-76
1411802025763,-76
1411802027421,-81
1411802027798,-77
1411802027819,-77
1411802028492,-78
1411802028512,-78
1411802030260,-81
1411802030300,-81
1411802030614,-81
1411802030640,-81
1411802030979,-86
1411802031004,-86
1411802031741,-77
1411802031762,-77
1411802032045,-80
1411802032067,-80
1411802032400,-77
1411802032421,-77
1411802032808,-77
1411802032829,-77
1411802033882,-76
1411802034034,-76
1411802034528,-76
1411802034556,-76
1411802035600,-80
1411802035630,-80
1411802035951,-76
1411802036092,-76
1411802036356,-75
1411802036388,-75
1411802037001,-82
1411802037023,-82
1411802037361,-77
1411802037387,-77
1411802038091,-79
1411802038115,-79
1411802038450,-78
1411802038473,-78
1411802038821,-77
1411802038857,-77
1411802039473,-77
1411802039504,-77
1411802040218,-77
1411802040237,-77
1411802040710,-77
1411802040733,-77
1411802040895,-79
1411802040924,-79
1411802042343,-77
1411802042366,-77
1411802042729,-78
1411802042762,-78
1411802043434,-78
1411802043466,-78
1411802043784,-78
1411802043822,-78
1411802044548,-77
1411802044569,-77
1411802046014,-77
1411802046037,-77
1411802046249,-78
1411802046287,-78
1411802047693,-82
1411802047730,-82
1411802048052,-81
1411802048092,-81
1411802048495,-75
1411802048516,-75
1411802048740,-86
1411802048767,-86
1411802049118,-77
1411802049142,-77
1411802049458,-83
1411802049489,-83
1411802049790,-76
1411802049826,-76
1411802050135,-79
1411802050162,-79
1411802050917,-76
1411802050941,-76
1411802051244,-75
1411802051276,-75
1411802051945,-77
1411802052029,-77
1411802052325,-77
1411802052357,-77
1411802052632,-77
1411802052666,-77
1411802053047,-76
1411802053073,-76
1411802053397,-81
1411802053429,-81
1411802054074,-77
1411802054108,-77
1411802054453,-76
1411802054475,-76
1411802054789,-77
1411802054821,-77
1411802055232,-77
1411802055499,-78
1411802055570,-78
1411802055872,-78
1411802055904,-78
1411802056192,-77
1411802056221,-77
1411802057409,-82
1411802057434,-82
1411802057982,-76
1411802058062,-76
1411802058716,-77
1411802058748,-77
1411802059073,-77
1411802059106,-77
1411802059421,-77
1411802059443,-77
1411802059776,-77
1411802059796,-77
1411802060112,-84
1411802060149,-84
1411802060520,-78
1411802060552,-78
1411802060791,-77
1411802060828,-77
1411802061153,-77
1411802061193,-77
1411802062108,-76
1411802062134,-76
1411802062300,-77
1411802062322,-77
1411802062590,-78
1411802062623,-78
1411802063305,-78
1411802063339,-78
1411802063656,-77
1411802063693,-77
1411802064037,-77
1411802064069,-77
1411802064483,-83
1411802064510,-83
1411802065047,-77
1411802065083,-77
1411802065404,-77
1411802065436,-77
1411802066166,-83
1411802066204,-83
1411802066497,-78
1411802066530,-78
1411802068330,-78
1411802068350,-78
1411802068606,-74
1411802068637,-74
1411802069304,-80
1411802069683,-78
1411802069714,-78
1411802070400,-82
1411802070432,-82
1411802071122,-77
1411802071157,-77
1411802072209,-76
1411802072241,-76
1411802072880,-78
1411802072911,-78
1411802073307,-78
1411802073332,-78
1411802073576,-78
1411802073609,-78
1411802073963,-76
1411802073984,-76
1411802074293,-79
1411802074317,-79
1411802074655,-81
1411802074678,-81
1411802075018,-76
1411802075055,-76
1411802075369,-78
1411802075401,-78
1411802076169,-84
1411802076198,-84
1411802076416,-77
1411802076446,-77
1411802076857,-77
1411802076879,-77
1411802077118,-83
1411802077144,-83
1411802077478,-82
1411802077504,-82
1411802077843,-77
1411802077870,-77
1411802078552,-75
1411802078576,-75
1411802078928,-81
1411802078974,-81
1411802079263,-75
1411802079285,-75
1411802080442,-76
1411802080463,-76
1411802081042,-76
1411802081074,-76
1411802081396,-77
1411802081438,-77
1411802082102,-82
1411802082122,-82
1411802082467,-78
1411802082506,-78
1411802083552,-78
1411802083591,-78
1411802083891,-76
1411802083933,-76
1411802084571,-81
1411802084591,-81
1411802085479,-77
1411802085502,-77
1411802085639,-83
1411802085669,-83
1411802086048,-75
1411802086076,-75
1411802086741,-77
1411802086765,-77
1411802087435,-79
1411802087459,-79
1411802087804,-78
1411802087837,-78
1411802088127,-78
1411802088152,-78
1411802088483,-82
1411802088507,-82
1411802088833,-82
1411802088868,-82
1411802089661,-77
1411802089681,-77
1411802089902,-78
1411802089926,-78
1411802090259,-79
1411802090283,-79
1411802090626,-78
1411802090662,-78
1411802091387,-77
1411802091409,-77
1411802091798,-82
1411802091823,-82
1411802092088,-78
1411802092111,-78
1411802092420,-75
1411802092450,-75
1411802093476,-79
1411802093496,-79
1411802093816,-78
1411802093847,-78
1411802094149,-75
1411802094171,-75
1411802094508,-76
1411802094531,-76
1411802095307,-76
1411802095344,-76
1411802095971,-82
1411802096003,-82
1411802096299,-76
1411802096348,-76
1411802096635,-81
1411802096661,-81
1411802097390,-76
1411802097422,-76
1411802097706,-81
1411802097733,-81
1411802098105,-77
1411802098136,-77
1411802098898,-78
1411802098918,-78
1411802099843,-82
1411802099870,-82
1411802100193,-76
1411802100246,-76
1411802100905,-77
1411802100939,-77
1411802102784,-77
1411802102822,-77
1411802103387,-77
1411802103422,-77
1411802103734,-77
1411802103756,-77
1411802104449,-79
1411802104473,-79
1411802104851,-84
1411802104879,-84
1411802106209,-84
1411802106228,-84
1411802106645,-78
1411802106789,-78
1411802107420,-84
1411802107458,-84
1411802107667,-83
1411802107699,-83
1411802109594,-82
1411802109619,-82
1411802111618,-78
1411802112005,-77
1411802112032,-77
1411802112272,-83
1411802112305,-83
1411802112619,-77
1411802112646,-77
1411802113804,-77
1411802113835,-77
1411802114446,-77
1411802114476,-77
1411802114858,-78
1411802115016,-78
1411802115129,-76
1411802115152,-76
1411802116204,-77
1411802116236,-77
1411802118007,-77
1411802118032,-77
1411802118363,-76
1411802118394,-76
1411802119147,-77
1411802119179,-77
1411802119400,-80
1411802119425,-80
1411802119780,-77
1411802119817,-77
1411802120212,-80
1411802120275,-80
1411802120456,-78
1411802120478,-78
1411802120831,-81
1411802120859,-81
1411802121568,-81
1411802121597,-81
1411802121938,-77
1411802121964,-77
1411802122599,-77
1411802122630,-77
1411802122991,-77
1411802123015,-77
1411802123303,-79
1411802123353,-79
1411802124421,-77
1411802124451,-77
1411802124789,-76
1411802124925,-76
1411802125434,-79
1411802125458,-79
1411802125849,-77
1411802125885,-77
1411802126177,-80
1411802126209,-80
1411802127337,-76
1411802127362,-76
1411802127527,-78
1411802127550,-78
1411802128963,-83
1411802128984,-83
1411802129692,-83
1411802129724,-83
1411802130103,-71
1411802130126,-71
1411802130408,-83
1411802130440,-83
1411802131115,-81
1411802131147,-81
1411802132131,-77
1411802132170,-77
1411802133212,-77
1411802133234,-77
1411802133594,-78
1411802133625,-78
1411802134669,-81
1411802134688,-81
1411802135731,-79
1411802135766,-79
1411802136076,-78
1411802136099,-78
1411802136404,-78
1411802136444,-78
1411802137149,-80
1411802137231,-80
1411802138197,-78
1411802138227,-78
1411802138569,-81
1411802138592,-81
1411802138884,-75
1411802138912,-75
1411802139280,-78
1411802139312,-78
1411802140311,-75
1411802140342,-75
1411802140660,-71
1411802140704,-71
1411802141009,-77
1411802141067,-77
1411802141374,-81
1411802141408,-81
1411802141715,-77
1411802141742,-77
1411802143162,-76
1411802143194,-76
1411802143863,-84
1411802143897,-84
1411802144942,-77
1411802144995,-77
1411802145284,-81
1411802145303,-81
1411802145695,-77
1411802145765,-77
1411802146006,-79
1411802146039,-79
1411802146351,-76
1411802146374,-76
1411802147487,-76
1411802147515,-76
1411802151092,-78
1411802151118,-78
1411802151674,-77
1411802151701,-77
1411802153196,-79
1411802153217,-79
1411802154523,-80
1411802154555,-80
1411802155209,-75
1411802155229,-75
1411802155568,-77
1411802155588,-77
1411802156301,-80
1411802156415,-80
1411802157418,-75
1411802157457,-75
1411802158144,-80
1411802158175,-80
1411802159269,-78
1411802159289,-78
1411802159542,-76
1411802159566,-76
1411802159872,-80
1411802159897,-80
1411802160222,-76
1411802160243,-76
1411802161336,-77
1411802161354,-77
1411802161646,-76
1411802161672,-76
1411802164092,-85
1411802164115,-85
1411802164876,-83
1411802164896,-83
1411802165173,-83
1411802165194,-83
1411802166199,-79
1411802166235,-79
1411802166922,-79
1411802166948,-79
1411802167258,-78
1411802167279,-78
1411802167832,-79
1411802167855,-79
1411802168350,-82
1411802168372,-82
1411802168716,-81
1411802168742,-81
1411802169165,-77
1411802169213,-77
1411802169403,-80
1411802169453,-80
1411802169803,-78
1411802169920,-78
1411802170501,-74
1411802170536,-74
1411802171535,-77
1411802171565,-77
1411802172260,-76
1411802172300,-76
1411802172614,-74
1411802172644,-74
1411802172964,-78
1411802173004,-78
1411802173321,-76
1411802173359,-76
1411802175104,-83
1411802175506,-79
1411802175528,-79
1411802176296,-83
1411802176320,-83
1411802176543,-78
1411802176566,-78
1411802176852,-80
1411802176885,-80
1411802177559,-87
1411802177584,-87
1411802178263,-88
1411802178290,-88
1411802178989,-78
1411802179015,-78
1411802179358,-77
1411802179392,-77
1411802180051,-77
1411802180077,-77
1411802180417,-73
1411802180446,-73
1411802181114,-75
1411802181173,-75
1411802181491,-84
1411802181511,-84
1411802181892,-77
1411802181927,-77
1411802182544,-76
1411802182570,-76
1411802183257,-78
1411802183279,-78
1411802183970,-76
1411802184002,-76
1411802184377,-76
1411802184411,-76
1411802185756,-77
1411802185780,-77
1411802186114,-79
1411802186141,-79
1411802186584,-81
1411802186604,-81
1411802186782,-78
1411802186840,-78
1411802187149,-80
1411802187178,-80
1411802187878,-75
1411802187922,-75
1411802188237,-76
1411802188662,-76
1411802188694,-76
1411802188921,-78
1411802189673,-77
1411802190411,-80
1411802190437,-80
1411802190718,-75
1411802190740,-75
1411802191428,-76
1411802191465,-76
1411802191852,-71
1411802191873,-71
1411802192120,-74
1411802192143,-74
1411802192866,-77
1411802192893,-77
1411802193191,-78
1411802193225,-78
1411802193544,-75
1411802193566,-75
1411802193903,-78
1411802193932,-78
1411802194604,-76
1411802194627,-76
1411802194961,-74
1411802194999,-74
1411802195704,-75
1411802195733,-75
1411802196056,-78
1411802196126,-78
1411802196383,-77
1411802196406,-77
1411802197089,-81
1411802197114,-81
1411802197865,-81
1411802197904,-81
1411802198903,-80
1411802198930,-80
1411802200649,-77
1411802200670,-77
1411802201028,-79
1411802201048,-79
1411802201345,-78
1411802201376,-78
1411802201700,-75
1411802201725,-75
1411802202463,-72
1411802202502,-72
1411802203588,-76
1411802203621,-76
1411802203851,-75
1411802203898,-75
1411802204917,-76
1411802204937,-76
1411802206330,-74
1411802206353,-74
1411802206764,-74
1411802206798,-74
1411802207388,-76
1411802207423,-76
1411802207753,-76
1411802207803,-76
1411802208487,-75
1411802208525,-75
1411802208816,-83
1411802208847,-83
1411802209896,-74
1411802209919,-74
1411802210374,-78
1411802210399,-78
1411802210942,-77
1411802210980,-77
1411802211294,-77
1411802211317,-77
1411802211663,-83
1411802211721,-83
1411802212488,-75
1411802212508,-75
1411802212694,-75
1411802212717,-75
1411802213445,-86
1411802213479,-86
1411802213794,-72
1411802213828,-72
1411802214113,-73
1411802214135,-73
1411802214826,-84
1411802214855,-84
1411802216636,-79
1411802216672,-79
1411802216959,-72
1411802217022,-72
1411802218374,-73
1411802218406,-73
1411802219854,-73
1411802219888,-73
1411802220262,-78
1411802220289,-78
1411802220509,-73
1411802220532,-73
1411802220851,-86
1411802220889,-86
1411802221228,-78
1411802221278,-78
1411802221592,-79
1411802221615,-79
1411802222311,-83
1411802222354,-83
1411802223028,-82
1411802223060,-82
1411802223373,-85
1411802223396,-85
1411802223711,-78
1411802223737,-78
1411802224081,-77
1411802224126,-77
1411802224428,-74
1411802224450,-74
1411802225253,-76
1411802225278,-76
1411802225872,-74
1411802225930,-74
1411802226939,-76
1411802226988,-76
1411802227592,-78
1411802227688,-78
1411802229410,-76
1411802229459,-76
1411802229727,-80
1411802229767,-80
1411802230805,-76
1411802231614,-76
1411802232236,-77
1411802232280,-77
1411802233700,-79
1411802233725,-79
1411802234486,-79
1411802234506,-79
1411802234786,-77
1411802234807,-77
1411802235151,-80
1411802235171,-80
1411802235519,-76
1411802235549,-76
1411802235871,-79
1411802235901,-79
1411802238242,-79
1411802238278,-79
1411802238612,-75
1411802238637,-75
1411802241184,-79
1411802241206,-79
1411802241472,-74
1411802241496,-74
1411802242857,-77
1411802242884,-77
1411802243216,-78
1411802243241,-78
1411802243577,-75
1411802243618,-75
1411802243967,-79
1411802243990,-79
1411802244276,-82
1411802244301,-82
1411802244640,-73
1411802244673,-73
1411802245356,-78
1411802245395,-78
1411802245713,-88
1411802245753,-88
1411802246054,-79
1411802246084,-79
1411802247853,-86
1411802248211,-78
1411802248231,-78
1411802249274,-80
1411802249302,-80
1411802249650,-76
1411802249680,-76
1411802250300,-80
1411802250336,-80
1411802250719,-83
1411802250766,-83
1411802251399,-80
1411802251781,-84
1411802251802,-84
1411802252432,-79
1411802252469,-79
1411802252968,-75
1411802252988,-75
1411802253209,-76
1411802253246,-76
1411802253512,-85
1411802253556,-85
1411802253880,-87
1411802253918,-87
1411802254201,-80
1411802254224,-80
1411802255675,-86
1411802255708,-86
1411802256044,-80
1411802256082,-80
1411802257481,-79
1411802257504,-79
1411802257756,-71
1411802257785,-71
1411802258274,-78
1411802258301,-78
1411802259193,-77
1411802259238,-77
1411802259974,-85
1411802259999,-85
1411802260463,-79
1411802260491,-79
1411802261050,-83
1411802261075,-83
1411802261377,-76
1411802261402,-76
1411802262052,-77
1411802262085,-77
1411802262368,-72
1411802262392,-72
1411802262848,-78
1411802262871,-78
1411802263077,-86
1411802263206,-86
1411802263436,-78
1411802263468,-78
1411802264210,-77
1411802264232,-77
1411802264571,-80
1411802264597,-80
1411802265570,-76
1411802265595,-76
1411802266348,-82
1411802266424,-82
1411802266644,-77
1411802266667,-77
1411802268055,-81
1411802268100,-81
1411802268418,-79
1411802268444,-79
1411802268795,-76
1411802268828,-76
1411802269118,-75
1411802269139,-75
1411802269860,-78
1411802269886,-78
1411802270620,-80
1411802270652,-80
1411802271310,-79
1411802271344,-79
1411802271681,-75
1411802271719,-75
1411802272374,-75
1411802272396,-75
1411802272712,-79
1411802272733,-79
1411802273219,-75
1411802273246,-75
1411802274481,-84
1411802274504,-84
1411802275707,-80
1411802275726,-80
1411802276205,-75
1411802276657,-75
1411802276689,-75
1411802276995,-75
1411802277027,-75
1411802277383,-75
1411802277410,-75
1411802278140,-78
1411802278166,-78
1411802278774,-76
1411802278806,-76
1411802279126,-86
1411802279163,-86
1411802279407,-77
1411802279429,-77
1411802280572,-75
1411802280701,-75
1411802281282,-76
1411802281301,-76
1411802281529,-77
1411802281548,-77
1411802282239,-76
1411802282293,-76
1411802282724,-78
1411802282754,-78
1411802283025,-82
1411802283052,-82
1411802283415,-78
1411802283437,-78
1411802283800,-82
1411802283833,-82
1411802284088,-89
1411802284116,-89
1411802284837,-81
1411802284861,-81
1411802285792,-80
1411802286154,-76
1411802286580,-80
1411802286915,-79
1411802286946,-79
1411802287249,-77
1411802287270,-77
1411802288138,-76
1411802288158,-76
1411802288623,-76
1411802288670,-76
1411802289438,-81
1411802289459,-81
1411802289722,-75
1411802289764,-75
1411802290073,-75
1411802290107,-75
1411802290795,-80
1411802290819,-80
1411802291240,-80
1411802291272,-80
1411802291455,-79
1411802291491,-79
1411802292169,-76
1411802292220,-76
1411802292881,-77
1411802292905,-77
1411802293291,-81
1411802293310,-81
1411802293627,-76
1411802293647,-76
1411802294339,-75
1411802294359,-75
1411802295432,-76
1411802295465,-76
1411802296524,-76
1411802296574,-76
1411802297957,-79
1411802297979,-79
1411802298211,-79
1411802298237,-79
1411802298716,-89
1411802298738,-89
1411802299306,-81
1411802299331,-81
1411802299650,-79
1411802299681,-79
1411802299973,-80
1411802300015,-80
1411802300355,-78
1411802300401,-78
1411802301222,-82
1411802301250,-82
1411802302919,-79
1411802302951,-79
1411802303608,-80
1411802303633,-80
1411802304625,-79
1411802304680,-79
1411802304952,-82
1411802304983,-82
1411802305284,-79
1411802305325,-79
1411802305623,-86
1411802305641,-86
1411802305980,-78
1411802306010,-78
1411802306716,-75
1411802307417,-74
1411802307436,-74
1411802308229,-80
1411802308253,-80
1411802308461,-75
1411802308490,-75
1411802311368,-79
1411802311391,-79
1411802312013,-80
1411802312050,-80
1411802312733,-76
1411802312765,-76
1411802313431,-75
1411802313458,-75
1411802314148,-71
1411802314179,-71
1411802314866,-82
1411802314889,-82
1411802315582,-79
1411802315626,-79
1411802316272,-82
1411802316337,-82
1411802316635,-78
1411802316677,-78
1411802316997,-76
1411802317052,-76
1411802317361,-80
1411802317724,-81
1411802317792,-81
1411802318040,-82
1411802318063,-82
1411802318402,-77
1411802318441,-77
1411802319819,-76
1411802319843,-76
1411802320909,-80
1411802320951,-80
1411802321336,-76
1411802321360,-76
1411802322375,-76
1411802322402,-76
1411802325152,-78
1411802325176,-78
1411802326221,-79
1411802326266,-79
1411802326560,-79
1411802326583,-79
1411802329058,-79
1411802329090,-79
1411802329407,-78
1411802329441,-78
1411802329824,-77
1411802329847,-77
1411802331169,-75
1411802331192,-75
1411802331961,-80
1411802331993,-80
1411802332273,-74
1411802332306,-74
1411802332774,-86
1411802332799,-86
1411802333712,-81
1411802333744,-81
1411802334119,-78
1411802334151,-78
1411802334737,-74
1411802334761,-74
1411802335136,-77
1411802335164,-77
1411802335774,-77
1411802335809,-77
1411802336507,-78
1411802336557,-78
1411802336890,-80
1411802336913,-80
1411802337618,-84
1411802337653,-84
1411802338308,-88
1411802338330,-88
1411802338639,-77
1411802338667,-77
1411802338974,-81
1411802339000,-81
1411802340082,-80
1411802341807,-75
1411802342209,-78
1411802342246,-78
1411802342545,-75
1411802342575,-75
1411802343415,-75
1411802343437,-75
1411802344300,-78
1411802344346,-78
1411802345399,-78
1411802345502,-78
1411802345722,-75
1411802345771,-75
1411802346793,-88
1411802346856,-88
1411802347901,-78
1411802347980,-78
1411802348224,-75
1411802348962,-78
1411802348998,-78
1411802349279,-78
1411802349320,-78
1411802349979,-88
1411802350009,-88
1411802350341,-80
1411802350386,-80
1411802350699,-79
1411802350731,-79
1411802351438,-75
1411802351478,-75
1411802353564,-80
1411802353589,-80
1411802353891,-74
1411802353938,-74
1411802354238,-79
1411802354401,-79
1411802354585,-86
1411802354606,-86
1411802354974,-80
1411802355022,-80
1411802356087,-75
1411802356114,-75
1411802356815,-76
1411802356848,-76
1411802357167,-81
1411802357518,-79
1411802357550,-79
1411802358166,-88
1411802358255,-88
1411802358518,-79
1411802358553,-79
1411802358875,-79
1411802358918,-79
1411802359246,-78
1411802359285,-78
1411802359683,-87
1411802359828,-87
1411802360685,-86
1411802360724,-86
1411802361350,-75
1411802361375,-75
1411802361707,-79
1411802361733,-79
1411802362489,-75
1411802363530,-76
1411802363562,-76
1411802364273,-74
1411802364292,-74
1411802365015,-74
1411802365034,-74
1411802365343,-81
1411802365367,-81
1411802365704,-78
1411802365729,-78
1411802366024,-78
1411802366046,-78
1411802366735,-78
1411802366762,-78
1411802367108,-77
1411802367147,-77
1411802367494,-78
1411802367513,-78
1411802367786,-76
1411802367817,-76
1411802368565,-74
1411802368588,-74
1411802368866,-81
1411802368891,-81
1411802369254,-79
1411802369275,-79
1411802371669,-77
1411802372178,-80
1411802372201,-80
1411802372365,-79
1411802372388,-79
1411802372720,-79
1411802372744,-79
1411802373079,-75
1411802373115,-75
1411802373524,-79
1411802373546,-79
1411802373787,-79
1411802373818,-79
1411802374653,-79
1411802374676,-79
1411802374916,-78
1411802374946,-78
1411802376634,-78
1411802376676,-78
1411802378758,-75
1411802378780,-75
1411802379146,-79
1411802379190,-79
1411802379810,-74
1411802379836,-74
1411802380237,-79
1411802380257,-79
1411802380517,-71
1411802380551,-71
1411802380878,-78
1411802380916,-78
1411802381230,-79
1411802381260,-79
1411802381600,-75
1411802381622,-75
1411802381940,-75
1411802381979,-75
1411802382306,-76
1411802382356,-76
1411802382666,-80
1411802382688,-80
1411802383008,-79
1411802383047,-79
1411802383355,-78
1411802383381,-78
1411802383740,-75
1411802383763,-75
1411802384089,-75
1411802384118,-75
1411802384419,-79
1411802384447,-79
1411802384797,-78
1411802384837,-78
1411802385178,-79
1411802385204,-79
1411802385484,-78
1411802385504,-78
1411802385847,-79
1411802385902,-79
1411802386226,-78
1411802386282,-78
1411802386580,-80
1411802386636,-80
1411802387626,-78
1411802387662,-78
1411802387978,-79
1411802388147,-79
1411802388678,-83
1411802388707,-83
1411802389036,-75
1411802389072,-75
1411802389400,-79
1411802389527,-79
1411802389735,-76
1411802389758,-76
1411802390819,-75
1411802390838,-75
1411802391158,-75
1411802391191,-75
1411802391507,-83
1411802391558,-83
1411802392918,-80
1411802392945,-80
1411802393628,-86
1411802393673,-86
1411802394328,-74
1411802394353,-74
1411802395041,-82
1411802395072,-82
1411802395399,-79
1411802395423,-79
1411802396495,-86
1411802396517,-86
1411802397535,-82
1411802397568,-82
1411802397885,-81
1411802397908,-81
1411802398619,-83
1411802398639,-83
1411802398966,-81
1411802398992,-81
1411802400049,-83
1411802400378,-76
1411802400402,-76
1411802400729,-77
1411802400755,-77
1411802401116,-75
1411802401151,-75
1411802401505,-75
1411802401611,-75
1411802402863,-76
1411802402885,-76
1411802403611,-72
1411802403639,-72
1411802403930,-85
1411802403960,-85
1411802404639,-79
1411802404675,-79
1411802405705,-83
1411802405737,-83
1411802406404,-73
1411802406426,-73
1411802406760,-76
1411802406798,-76
1411802407122,-70
1411802407166,-70
1411802407474,-71
1411802407502,-71
1411802408282,-68
1411802408531,-67
1411802409237,-67
1411802409260,-67
1411802409598,-67
1411802409652,-67
1411802409946,-72
1411802409971,-72
1411802410325,-72
1411802410414,-72
1411802411364,-69
1411802411721,-75
1411802411748,-75
1411802412783,-67
1411802412808,-67
1411802413208,-72
1411802413250,-72
1411802413604,-67
1411802413624,-67
1411802413851,-72
1411802413871,-72
1411802414228,-69
1411802414278,-69
1411802414559,-67
1411802414583,-67
1411802415292,-72
1411802415344,-72
1411802415634,-73
1411802415657,-73
1411802415986,-72
1411802416014,-72
1411802416342,-72
1411802416366,-72
1411802416704,-68
1411802416735,-68
1411802417419,-72
1411802417444,-72
1411802418930,-67
1411802419185,-67
1411802419207,-67
1411802419552,-72
1411802419587,-72
1411802419887,-70
1411802419909,-70
1411802420978,-67
1411802421011,-67
1411802421451,-72
1411802421476,-72
1411802421660,-72
1411802421685,-72
1411802423811,-74
1411802423834,-74
1411802424169,-72
1411802424212,-72
1411802424873,-69
1411802424904,-69
1411802425220,-72
1411802425240,-72
1411802426020,-71
1411802426041,-71
1411802426288,-73
1411802426309,-73
1411802426999,-74
1411802427027,-74
1411802427372,-68
1411802427711,-73
1411802427744,-73
1411802428064,-70
1411802428128,-70
1411802428809,-69
1411802428837,-69
1411802429131,-72
1411802429164,-72
1411802429484,-68
1411802429508,-68
1411802429839,-73
1411802429869,-73
1411802430555,-72
1411802430702,-72
1411802430935,-72
1411802430957,-72
1411802431268,-72
1411802431304,-72
1411802431621,-73
1411802431643,-73
1411802431975,-73
1411802432006,-73
1411802433156,-73
1411802433178,-73
1411802433400,-73
1411802433427,-73
1411802433742,-68
1411802433777,-68
1411802434099,-74
1411802434138,-74
1411802434500,-69
1411802434534,-69
1411802434813,-73
1411802434857,-73
1411802435590,-68
1411802435610,-68
1411802435869,-67
1411802435906,-67
1411802436224,-73
1411802436261,-73
1411802436636,-69
1411802436657,-69
1411802436932,-75
1411802436971,-75
1411802437688,-73
1411802437724,-73
1411802438712,-68
1411802438756,-68
1411802439777,-73
1411802439819,-73
1411802440831,-69
1411802440852,-69
1411802441179,-74
1411802441209,-74
1411802441564,-69
1411802441597,-69
1411802441888,-69
1411802441910,-69
1411802442247,-69
1411802442313,-69
1411802443674,-68
1411802443694,-68
1411802444032,-69
1411802444059,-69
1411802444431,-73
1411802444561,-73
1411802445159,-69
1411802445179,-69
1411802445493,-68
1411802445516,-68
1411802445843,-75
1411802445867,-75
1411802446218,-68
1411802446254,-68
1411802446563,-68
1411802446594,-68
1411802446907,-73
1411802446927,-73
1411802447242,-72
1411802447268,-72
1411802447765,-68
1411802447787,-68
1411802448005,-74
1411802448032,-74
1411802448347,-74
1411802448436,-74
1411802448694,-73
1411802448720,-73
1411802449386,-72
1411802450113,-69
1411802450138,-69
1411802450450,-74
1411802450485,-74
1411802450787,-73
1411802450809,-73
1411802451142,-69
1411802451168,-69
1411802451500,-69
1411802451523,-69
1411802452324,-69
1411802452353,-69
1411802452993,-73
1411802453029,-73
1411802453644,-74
1411802453685,-74
1411802453998,-72
1411802454021,-72
1411802454340,-74
1411802454375,-74
1411802455053,-74
1411802455211,-74
1411802455395,-74
1411802455422,-74
1411802456148,-74
1411802456170,-74
1411802456470,-71
1411802456491,-71
1411802456865,-72
1411802456887,-72
1411802457197,-69
1411802457220,-69
1411802457948,-74
1411802458022,-74
1411802458240,-74
1411802458264,-74
1411802458618,-72
1411802458643,-72
1411802458955,-73
1411802458986,-73
1411802459313,-74
1411802459360,-74
1411802459670,-74
1411802459694,-74
1411802460083,-69
1411802460114,-69
1411802460383,-73
1411802460417,-73
1411802461115,-72
1411802461138,-72
1411802461484,-69
1411802461515,-69
1411802461870,-72
1411802461951,-72
1411802462878,-74
1411802462900,-74
1411802464472,-74
1411802464497,-74
1411802465363,-73
1411802465387,-73
1411802465723,-74
1411802465753,-74
1411802466062,-72
1411802466084,-72
1411802466416,-69
1411802466502,-69
1411802466942,-73
1411802466967,-73
1411802467504,-72
1411802467537,-72
1411802467855,-73
1411802467880,-73
1411802468210,-73
1411802468273,-73
1411802468554,-69
1411802468577,-69
1411802468950,-74
1411802468985,-74
1411802469254,-72
1411802469279,-72
1411802469693,-75
1411802469765,-75
1411802469963,-69
1411802470083,-69
1411802470323,-68
1411802470345,-68
1411802470698,-68
1411802470732,-68
1411802471040,-73
1411802471067,-73
1411802472104,-70
1411802472465,-72
1411802472505,-72
1411802473250,-72
1411802473270,-72
1411802473572,-69
1411802473629,-69
1411802473967,-69
1411802473996,-69
1411802474276,-69
1411802474298,-69
1411802474670,-69
1411802474708,-69
1411802475163,-69
1411802475185,-69
1411802475315,-69
1411802475415,-69
1411802475699,-74
1411802475730,-74
1411802476075,-72
1411802476097,-72
1411802476476,-72
1411802476502,-72
1411802477086,-74
1411802477122,-74
1411802477493,-70
1411802477526,-70
1411802477926,-74
1411802478000,-74
1411802478162,-74
1411802478184,-74
1411802479279,-70
1411802479299,-70
1411802479949,-72
1411802479970,-72
1411802480458,-74
1411802480477,-74
1411802480711,-70
1411802481048,-74
1411802481085,-74
1411802481799,-70
1411802482170,-74
1411802482193,-74
1411802482467,-74
1411802482496,-74
1411802483543,-70
1411802483563,-70
1411802483869,-74
1411802483894,-74
1411802484206,-74
1411802484229,-74
1411802484592,-74
1411802484612,-74
1411802484917,-72
1411802484942,-72
1411802485247,-72
1411802485283,-72
1411802486321,-72
1411802486340,-72
1411802487083,-70
1411802487110,-70
1411802487403,-68
1411802487430,-68
1411802488448,-74
1411802488670,-74
1411802489158,-72
1411802489246,-72
1411802490268,-72
1411802490286,-72
1411802490581,-72
1411802490646,-72
1411802490930,-74
1411802490951,-74
1411802492056,-74
1411802492083,-74
1411802492399,-74
1411802492431,-74
1411802493060,-74
1411802493211,-74
1411802493801,-70
1411802493823,-70
1411802494143,-72
1411802494169,-72
1411802494498,-69
1411802494517,-69
1411802494836,-72
1411802494864,-72
1411802495546,-74
1411802495567,-74
1411802495947,-72
1411802495993,-72
1411802497083,-74
1411802497116,-74
1411802497333,-69
1411802497365,-69
1411802497817,-74
1411802497839,-74
1411802498102,-74
1411802498132,-74
1411802498419,-73
1411802498445,-73
1411802498819,-70
1411802498843,-70
1411802499119,-72
1411802499156,-72
1411802499499,-72
1411802499556,-72
1411802499828,-70
1411802499910,-70
1411802500268,-72
1411802500557,-72
1411802500579,-72
1411802500972,-74
1411802501004,-74
1411802501239,-71
1411802501688,-73
1411802501711,-73
1411802502002,-73
1411802502034,-73
1411802502682,-70
1411802502703,-70
1411802503033,-75
1411802503061,-75
1411802503388,-72
1411802503412,-72
1411802503821,-70
1411802503908,-70
1411802504078,-72
1411802504099,-72
1411802504464,-74
1411802504494,-74
1411802504916,-69
1411802504944,-69
1411802505519,-72
1411802505550,-72
1411802505929,-75
1411802505964,-75
1411802506216,-72
1411802506251,-72
1411802506649,-74
1411802506680,-74
1411802507336,-69
1411802507357,-69
1411802507663,-70
1411802507698,-70
1411802507998,-72
1411802508019,-72
1411802508375,-72
1411802508423,-72
1411802509042,-73
1411802509074,-73
1411802509490,-69
1411802509523,-69
1411802510167,-69
1411802510208,-69
1411802510490,-73
1411802510514,-73
1411802510882,-69
1411802510920,-69
1411802511889,-69
1411802511921,-69
1411802512249,-69
1411802512310,-69
1411802513028,-73
1411802513052,-73
1411802513364,-68
1411802513399,-68
1411802513876,-73
1411802513906,-73
1411802514095,-73
1411802514119,-73
1411802514433,-73
1411802514463,-73
1411802514761,-69
1411802514794,-69
1411802515113,-73
1411802515145,-73
1411802515474,-73
1411802515512,-73
1411802515887,-67
1411802516160,-69
1411802516190,-69
1411802516568,-69
1411802516601,-69
1411802516884,-73
1411802516909,-73
1411802517275,-69
1411802517309,-69
1411802517639,-68
1411802517672,-68
1411802518091,-73
1411802518111,-73
1411802518339,-68
1411802518360,-68
1411802518659,-74
1411802518689,-74
1411802519443,-65
1411802519461,-65
1411802520053,-72
1411802520074,-72
1411802520467,-69
1411802520887,-73
1411802520922,-73
1411802521489,-73
1411802521883,-73
1411802521915,-73
1411802522178,-72
1411802522221,-72
1411802522958,-68
1411802523327,-73
1411802523356,-73
1411802523621,-72
1411802523662,-72
1411802524377,-73
1411802524409,-73
1411802524764,-74
1411802524795,-74
1411802525382,-73
1411802525406,-73
1411802525756,-68
1411802525833,-68
1411802526098,-74
1411802526129,-74
1411802526776,-73
1411802526803,-73
1411802527542,-73
1411802527685,-73
1411802529325,-73
1411802529357,-73
1411802529678,-68
1411802529716,-68
1411802530408,-68
1411802530449,-68
1411802530731,-73
1411802530772,-73
1411802531390,-69
1411802531421,-69
1411802531742,-65
1411802531764,-65
1411802532155,-73
1411802532175,-73
1411802533544,-73
1411802533572,-73
1411802533941,-74
1411802533973,-74
1411802534993,-73
1411802535026,-73
1411802536051,-73
1411802536081,-73
1411802536416,-73
1411802536459,-73
1411802536771,-73
1411802536804,-73
1411802537477,-73
1411802537510,-73
1411802537932,-73
1411802537955,-73
1411802538518,-72
1411802538546,-72
1411802538837,-73
1411802538871,-73
1411802539246,-73
1411802539321,-73
1411802539565,-71
1411802539591,-71
1411802539950,-68
1411802539977,-68
1411802540658,-68
1411802540693,-68
1411802540968,-73
1411802541000,-73
1411802541401,-68
1411802541433,-68
1411802541746,-73
1411802541771,-73
1411802542457,-72
1411802542479,-72
1411802542813,-73
1411802542837,-73
1411802543144,-73
1411802543177,-73
1411802543475,-72
1411802543502,-72
1411802543879,-65
1411802543903,-65
1411802544181,-65
1411802544214,-65
1411802544902,-68
1411802544927,-68
1411802545245,-73
1411802545268,-73
1411802545609,-73
1411802545635,-73
1411802545989,-70
1411802546020,-70
1411802546713,-72
1411802546743,-72
1411802547024,-72
1411802547050,-72
1411802547449,-73
1411802547468,-73
1411802547730,-69
1411802547797,-69
1411802548110,-69
1411802548147,-69
1411802548864,-73
1411802549024,-73
1411802549151,-69
1411802549176,-69
1411802550227,-73
1411802550248,-73
1411802550579,-73
1411802550607,-73
1411802550947,-73
1411802550979,-73
1411802551644,-68
1411802551669,-68
1411802552033,-73
1411802552076,-73
1411802552376,-69
1411802552407,-69
1411802552672,-69
1411802552694,-69
1411802553087,-72
1411802553119,-72
1411802553438,-73
1411802553471,-73
1411802553849,-68
1411802553872,-68
1411802554115,-73
1411802554162,-73
1411802554869,-68
1411802554888,-68
1411802556320,-69
1411802556344,-69
1411802556577,-69
1411802556603,-69
1411802557367,-72
1411802557405,-72
1411802558901,-73
1411802558927,-73
1411802559474,-68
1411802559509,-68
1411802559821,-68
1411802559856,-68
1411802560167,-73
1411802560189,-73
1411802561936,-74
1411802561957,-74
1411802562329,-73
1411802562367,-73
1411802562684,-69
1411802562715,-69
1411802564057,-73
1411802564104,-73
1411802564463,-74
1411802564487,-74
1411802564797,-73
1411802564824,-73
1411802566893,-73
1411802566912,-73
1411802567250,-69
1411802567272,-69
1411802568002,-74
1411802568373,-69
1411802568767,-73
1411802568790,-73
1411802569166,-73
1411802569198,-73
1411802569811,-72
1411802569843,-72
1411802570505,-72
1411802570533,-72
1411802570836,-68
1411802570857,-68
1411802572931,-69
1411802572951,-69
1411802573389,-73
1411802573419,-73
1411802573735,-73
1411802573761,-73
1411802574410,-72
1411802574433,-72
1411802574881,-73
1411802574917,-73
1411802575210,-69
1411802575241,-69
1411802575846,-72
1411802575869,-72
1411802576342,-73
1411802576367,-73
1411802576648,-73
1411802576676,-73
1411802576920,-73
1411802576944,-73
1411802577237,-73
1411802577266,-73
1411802577653,-73
1411802577704,-73
1411802577929,-72
1411802577952,-72
1411802578288,-69
1411802578482,-69
1411802579103,-73
1411802579127,-73
1411802579433,-69
1411802579463,-69
1411802579718,-68
1411802579755,-68
1411802580039,-73
1411802580120,-73
1411802581163,-73
1411802581203,-73
1411802581457,-72
1411802581480,-72
1411802581803,-72
1411802581834,-72
1411802582996,-72
1411802583017,-72
1411802583277,-74
1411802583303,-74
1411802583650,-73
1411802583669,-73
1411802583995,-73
1411802584026,-73
1411802584298,-69
1411802584331,-69
1411802585056,-73
1411802585079,-73
1411802585342,-68
1411802585365,-68
1411802586072,-68
1411802586118,-68
1411802586778,-68
1411802586820,-68
1411802587165,-73
1411802587197,-73
1411802587688,-69
1411802587807,-69
1411802588588,-69
1411802588620,-69
1411802588914,-69
1411802588959,-69
1411802589307,-73
1411802589338,-73
1411802589599,-69
1411802589629,-69
1411802589949,-73
1411802589971,-73
1411802591048,-68
1411802591068,-68
1411802591428,-73
1411802591452,-73
1411802592128,-68
1411802592170,-68
1411802592490,-68
1411802592521,-68
1411802592899,-74
1411802592952,-74
1411802593158,-65
1411802593179,-65
1411802593852,-74
1411802593890,-74
1411802594273,-65
1411802594306,-65
1411802594613,-69
1411802594667,-69
1411802595308,-72
1411802595345,-72
1411802595663,-73
1411802595698,-73
1411802596072,-74
1411802596091,-74
1411802596361,-73
1411802596382,-73
1411802597503,-72
1411802597523,-72
1411802598113,-69
1411802598135,-69
1411802598910,-69
1411802598935,-69
1411802599667,-73
1411802599690,-73
1411802600040,-73
1411802600061,-73
1411802600326,-72
1411802600358,-72
1411802601073,-74
1411802601113,-74
1411802601407,-73
1411802601439,-73
1411802601790,-74
1411802601819,-74
1411802602096,-72
1411802602118,-72
1411802602810,-74
1411802602833,-74
1411802603864,-68
1411802603889,-68
1411802604260,-75
1411802604292,-75
1411802604596,-70
1411802604617,-70
1411802604868,-70
1411802604892,-70
1411802605633,-73
1411802605670,-73
1411802606668,-75
1411802606699,-75
1411802607100,-82
1411802607141,-82
1411802607768,-70
1411802607794,-70
1411802608425,-72
1411802608447,-72
1411802608820,-67
1411802608842,-67
1411802609121,-68
1411802609148,-68
1411802609486,-74
1411802609513,-74
1411802610055,-69
1411802610080,-69
1411802610223,-74
1411802610272,-74
1411802610933,-69
1411802610954,-69
1411802611623,-78
1411802611643,-78
1411802612041,-71
1411802612068,-71
1411802613043,-69
1411802613070,-69
1411802613464,-70
1411802613487,-70
1411802614187,-67
1411802614218,-67
1411802614514,-71
1411802614536,-71
1411802614962,-74
1411802614982,-74
1411802615177,-64
1411802615202,-64
1411802615522,-67
1411802615543,-67
1411802615982,-67
1411802616009,-67
1411802616989,-76
1411802617009,-76
1411802617683,-66
1411802617705,-66
1411802618046,-70
1411802618071,-70
1411802618374,-66
1411802618401,-66
1411802618789,-70
1411802618811,-70
1411802619467,-67
1411802619494,-67
1411802620166,-71
1411802620191,-71
1411802620544,-66
1411802620565,-66
1411802620876,-70
1411802620905,-70
1411802621203,-72
1411802621227,-72
1411802621587,-66
1411802621612,-66
1411802621908,-67
1411802621941,-67
1411802622665,-70
1411802622687,-70
1411802622990,-74
1411802623011,-74
1411802623392,-71
1411802623421,-71
1411802623726,-68
1411802623760,-68
1411802624166,-67
1411802624192,-67
1411802624824,-75
1411802624849,-75
1411802625109,-66
1411802625129,-66
1411802625516,-67
1411802625537,-67
1411802625847,-66
1411802625867,-66
1411802626209,-70
1411802626229,-70
1411802626536,-69
1411802626563,-69
1411802626872,-66
1411802626902,-66
1411802627292,-73
1411802627631,-70
1411802627652,-70
1411802628743,-70
1411802628768,-70
1411802629372,-69
1411802629405,-69
1411802630140,-69
1411802630177,-69
1411802630460,-78
1411802630500,-78
1411802630772,-76
1411802630808,-76
1411802631883,-71
1411802631905,-71
1411802632620,-67
1411802632668,-67
1411802633995,-73
1411802634023,-73
1411802634329,-72
1411802634356,-72
1411802634706,-70
1411802634738,-70
1411802635400,-67
1411802635421,-67
1411802636912,-72
1411802636942,-72
1411802637556,-70
1411802637576,-70
1411802637920,-76
1411802637941,-76
1411802638276,-78
1411802638299,-78
1411802638593,-73
1411802638656,-73
1411802639010,-68
1411802639036,-68
1411802639665,-76
1411802639688,-76
1411802640423,-72
1411802640452,-72
1411802640842,-69
1411802640876,-69
1411802641575,-69
1411802641608,-69
1411802642308,-72
1411802642332,-72
1411802642540,-72
1411802642561,-72
1411802642876,-72
1411802642900,-72
1411802643633,-68
1411802643664,-68
1411802644368,-68
1411802644392,-68
1411802644661,-72
1411802644681,-72
1411802645030,-76
1411802645087,-76
1411802645375,-68
1411802645395,-68
1411802645737,-76
1411802645762,-76
1411802646073,-69
1411802646094,-69
1411802646537,-77
1411802646558,-77
1411802646794,-76
1411802646815,-76
1411802647164,-72
1411802647188,-72
1411802647500,-75
1411802647534,-75
1411802648927,-75
1411802648951,-75
1411802649637,-72
1411802649666,-72
1411802650338,-77
1411802650371,-77
1411802651433,-77
1411802651460,-77
1411802651787,-72
1411802651827,-72
1411802652138,-76
1411802652179,-76
1411802652475,-78
1411802652506,-78
1411802652828,-76
1411802652863,-76
1411802653328,-72
1411802653355,-72
1411802653538,-76
1411802653560,-76
1411802654263,-72
1411802654288,-72
1411802654626,-77
1411802654651,-77
1411802655027,-77
1411802655060,-77
1411802655803,-77
1411802655823,-77
1411802656020,-77
1411802656045,-77
1411802656766,-69
1411802656819,-69
1411802657102,-72
1411802657135,-72
1411802657841,-68
1411802657976,-68
1411802658153,-72
1411802658173,-72
1411802658940,-69
1411802658967,-69
1411802659412,-68
1411802659432,-68
1411802660026,-75
1411802660061,-75
1411802660283,-72
1411802660413,-72
1411802660645,-68
1411802660673,-68
1411802661029,-69
1411802661062,-69
1411802661755,-73
1411802661785,-73
1411802662092,-69
1411802662134,-69
1411802662827,-72
1411802662848,-72
1411802663502,-69
1411802663526,-69
1411802663836,-75
1411802663892,-75
1411802664216,-76
1411802664252,-76
1411802665620,-76
1411802665642,-76
1411802665989,-72
1411802666027,-72
1411802666341,-68
1411802666413,-68
1411802666693,-72
1411802666729,-72
1411802667084,-76
1411802667109,-76
1411802667401,-65
1411802667421,-65
1411802667762,-77
1411802667807,-77
1411802668108,-72
1411802668132,-72
1411802668832,-77
1411802668855,-77
1411802669180,-69
1411802669329,-69
1411802669523,-76
1411802669567,-76
1411802670289,-78
1411802670314,-78
1411802670575,-68
1411802670599,-68
1411802671000,-76
1411802671439,-76
1411802671466,-76
1411802671990,-72
1411802672011,-72
1411802672440,-68
1411802672458,-68
1411802672696,-76
1411802672727,-76
1411802673057,-72
1411802673089,-72
1411802673454,-69
1411802673473,-69
1411802673759,-68
1411802673802,-68
1411802674114,-77
1411802674146,-77
1411802674477,-72
1411802674525,-72
1411802674864,-68
1411802675171,-76
1411802675194,-76
1411802675526,-72
1411802675705,-72
1411802676627,-68
1411802676683,-68
1411802676974,-68
1411802677018,-68
1411802677320,-68
1411802677411,-68
1411802677684,-72
1411802677713,-72
1411802678024,-76
1411802678056,-76
1411802678426,-68
1411802678457,-68
1411802678751,-76
1411802678780,-76
1411802679086,-72
1411802679119,-72
1411802679445,-72
1411802679478,-72
1411802679832,-68
1411802679865,-68
1411802680597,-72
1411802680617,-72
1411802680853,-72
1411802680878,-72
1411802681618,-72
1411802681656,-72
1411802681921,-77
1411802681964,-77
1411802682307,-68
1411802682684,-72
1411802682716,-72
1411802683077,-72
1411802683101,-72
1411802683341,-68
1411802683369,-68
1411802683689,-67
1411802683715,-67
1411802684059,-76
1411802684086,-76
1411802684402,-72
1411802684446,-72
1411802684759,-76
1411802684806,-76
1411802685111,-72
1411802685158,-72
1411802685830,-68
1411802685853,-68
1411802686178,-76
1411802686210,-76
1411802686541,-72
1411802686561,-72
1411802686883,-68
1411802686907,-68
1411802687295,-76
1411802687329,-76
1411802687688,-68
1411802687713,-68
1411802688310,-72
1411802688341,-72
1411802689050,-72
1411802689076,-72
1411802689357,-68
1411802689388,-68
1411802689738,-76
1411802689773,-76
1411802690239,-72
1411802690265,-72
1411802690784,-68
1411802690809,-68
1411802691242,-68
1411802691269,-68
1411802691477,-68
1411802691506,-68
1411802691852,-76
1411802692351,-72
1411802692533,-72
1411802692565,-72
1411802692923,-76
1411802692954,-76
1411802693276,-75
1411802693297,-75
1411802694712,-72
1411802694747,-72
1411802695003,-72
1411802695051,-72
1411802695468,-76
1411802695491,-76
1411802695711,-76
1411802695742,-76
1411802696184,-76
1411802696218,-76
1411802697269,-72
1411802697388,-72
1411802697904,-73
1411802697932,-73
1411802698649,-72
1411802698685,-72
1411802699784,-71
1411802699808,-71
1411802699971,-72
1411802700018,-72
1411802700417,-77
1411802700449,-77
1411802700724,-68
1411802700755,-68
1411802701411,-72
1411802701438,-72
1411802701837,-68
1411802701876,-68
1411802702192,-68
1411802702222,-68
1411802702854,-78
1411802702876,-78
1411802703948,-68
1411802703979,-68
1411802704935,-68
1411802704969,-68
1411802705422,-76
1411802705442,-76
1411802706081,-68
1411802706107,-68
1411802706379,-68
1411802706409,-68
1411802706705,-72
1411802706753,-72
1411802707106,-76
1411802707134,-76
1411802707476,-68
1411802707499,-68
1411802707890,-72
1411802707912,-72
1411802708105,-76
1411802708130,-76
1411802708497,-72
1411802708540,-72
1411802708879,-68
1411802708900,-68
1411802709587,-69
1411802709619,-69
1411802709894,-76
1411802709935,-76
1411802710343,-72
1411802710368,-72
1411802710586,-76
1411802710609,-76
1411802710955,-68
1411802710989,-68
1411802711328,-77
1411802711424,-77
1411802711651,-68
1411802711680,-68
1411802712752,-68
1411802712777,-68
1411802713080,-68
1411802713116,-68
1411802713500,-77
1411802713533,-77
1411802713956,-71
1411802714175,-76
1411802714197,-76
1411802714491,-76
1411802714527,-76
1411802715014,-72
1411802715047,-72
1411802715246,-76
1411802715278,-76
1411802715639,-70
1411802715669,-70
1411802715933,-72
1411802715975,-72
1411802716626,-76
1411802716662,-76
1411802717340,-72
1411802717398,-72
1411802718427,-72
1411802718454,-72
1411802718898,-68
1411802718923,-68
1411802719460,-76
1411802719485,-76
1411802719813,-71
1411802719841,-71
1411802720247,-68
1411802720281,-68
1411802720524,-75
1411802720554,-75
1411802721021,-71
1411802721058,-71
1411802721594,-76
1411802721629,-76
1411802722016,-68
1411802722055,-68
1411802722361,-76
1411802722383,-76
1411802722983,-72
1411802723012,-72
1411802723378,-72
1411802723625,-72
1411802723787,-76
1411802723810,-76
1411802724070,-68
1411802724090,-68
1411802724426,-68
1411802724452,-68
1411802724835,-68
1411802724874,-68
1411802725580,-76
1411802725625,-76
1411802725962,-76
1411802725993,-76
1411802726194,-75
1411802726218,-75
1411802726579,-72
1411802726617,-72
1411802726930,-72
1411802726960,-72
1411802727289,-68
1411802727324,-68
1411802728695,-68
1411802728732,-68
1411802729104,-76
1411802729129,-76
1411802729384,-77
1411802729415,-77
1411802730102,-75
1411802730165,-75
1411802730522,-72
1411802730544,-72
1411802730820,-72
1411802730969,-72
1411802731554,-77
1411802731584,-77
1411802732245,-72
1411802732267,-72
1411802733013,-72
1411802733110,-72
1411802733666,-71
1411802733684,-71
1411802735440,-72
1411802735465,-72
1411802735836,-72
1411802735988,-72
1411802736530,-76
1411802736563,-76
1411802736881,-68
1411802736914,-68
1411802737213,-72
1411802737235,-72
1411802737986,-77
1411802738038,-77
1411802738278,-68
1411802738311,-68
1411802739007,-72
1411802739039,-72
1411802739378,-72
1411802739404,-72
1411802739699,-68
1411802739748,-68
1411802740049,-68
1411802740083,-68
1411802740403,-68
1411802740442,-68
1411802740761,-76
1411802740919,-76
1411802741467,-72
1411802741510,-72
1411802741823,-72
1411802741858,-72
1411802742170,-69
1411802742202,-69
1411802742890,-72
1411802742926,-72
1411802743359,-76
1411802743382,-76
1411802743589,-76
1411802743620,-76
1411802743959,-76
1411802743989,-76
1411802744297,-72
1411802744317,-72
1411802745016,-69
1411802745034,-69
1411802745743,-69
1411802745777,-69
1411802746151,-72
1411802746175,-72
1411802746432,-77
1411802746555,-77
1411802746800,-72
1411802746826,-72
1411802747154,-67
1411802747178,-67
1411802747509,-68
1411802747561,-68
1411802747879,-72
1411802747913,-72
1411802748289,-77
1411802748321,-77
1411802749085,-68
1411802749104,-68
1411802749326,-68
1411802749354,-68
1411802749646,-76
1411802749682,-76
1411802750049,-72
1411802750087,-72
1411802750413,-76
1411802750447,-76
1411802750788,-68
1411802751051,-68
1411802751075,-68
1411802751402,-72
1411802751433,-72
1411802751773,-72
1411802751819,-72
1411802752111,-69
1411802752157,-69
1411802752462,-68
1411802752485,-68
1411802752863,-77
1411802752895,-77
1411802753622,-76
1411802753655,-76
1411802753885,-77
1411802753911,-77
1411802754254,-69
1411802754275,-69
1411802754613,-72
1411802754649,-72
1411802755019,-69
1411802755044,-69
1411802755297,-72
1411802755322,-72
1411802755663,-72
1411802755710,-72
1411802756060,-72
1411802756084,-72
1411802756519,-69
1411802756544,-69
1411802756715,-68
1411802756736,-68
1411802757422,-76
1411802757452,-76
1411802757825,-72
1411802757858,-72
1411802758670,-77
1411802758692,-77
1411802759650,-69
1411802759694,-69
1411802759909,-72
1411802759941,-72
1411802760253,-68
1411802760282,-68
1411802760594,-76
1411802760657,-76
1411802760961,-72
1411802760994,-72
1411802761312,-72
1411802761367,-72
1411802762004,-76
1411802762027,-76
1411802762478,-77
1411802762515,-77
1411802763072,-72
1411802763156,-72
1411802763437,-72
1411802763469,-72
1411802763854,-76
1411802763886,-76
1411802764288,-77
1411802764314,-77
1411802764864,-69
1411802764896,-69
1411802765287,-68
1411802765318,-68
1411802765587,-73
1411802765621,-73
1411802765999,-69
1411802766037,-69
1411802766623,-72
1411802766752,-72
1411802767419,-72
1411802767451,-72
1411802767727,-73
1411802767747,-73
1411802768062,-68
1411802768094,-68
1411802768550,-69
1411802768581,-69
1411802768999,-76
1411802769021,-76
1411802769100,-69
1411802769124,-69
1411802769487,-76
1411802769894,-72
1411802769920,-72
1411802770198,-75
1411802770228,-75
1411802770565,-68
1411802770597,-68
1411802770874,-76
1411802770913,-76
1411802771986,-75
1411802772009,-75
1411802772464,-75
1411802772487,-75
1411802772709,-77
1411802772733,-77
1411802773021,-69
1411802773056,-69
1411802774157,-72
1411802774191,-72
1411802775624,-77
1411802775650,-77
1411802775880,-69
1411802775903,-69
1411802777324,-68
1411802777344,-68
1411802777631,-72
1411802777651,-72
1411802777970,-72
1411802778000,-72
1411802778335,-72
1411802778383,-72
1411802779036,-69
1411802779060,-69
1411802780508,-72
1411802780529,-72
1411802781317,-72
1411802781338,-72
1411802781620,-75
1411802781653,-75
1411802782066,-72
1411802782087,-72
1411802782677,-75
1411802782717,-75
1411802782981,-71
1411802783003,-71
1411802783676,-69
1411802783694,-69
1411802784031,-68
1411802784051,-68
1411802784593,-72
1411802784619,-72
1411802784727,-72
1411802784759,-72
1411802785834,-68
1411802785856,-68
1411802786156,-69
1411802786178,-69
1411802786554,-75
1411802786588,-75
1411802787364,-72
1411802787383,-72
1411802787900,-72
1411802787919,-72
1411802788255,-77
1411802788275,-77
1411802788666,-73
1411802788739,-73
1411802789717,-77
1411802789755,-77
1411802790121,-69
1411802790144,-69
1411802791800,-73
1411802791839,-73
1411802792523,-75
1411802792571,-75
1411802792947,-75
1411802792967,-75
1411802793314,-68
1411802793471,-68
1411802793981,-68
1411802794005,-68
1411802794350,-76
1411802794373,-76
1411802794699,-68
1411802794722,-68
1411802795070,-76
1411802795090,-76
1411802795716,-75
1411802795753,-75
1411802796178,-76
1411802796197,-76
1411802796512,-76
1411802796540,-76
1411802797535,-73
1411802797560,-73
1411802799281,-69
1411802799305,-69
1411802799664,-72
1411802799709,-72
1411802800343,-76
1411802800377,-76
1411802800671,-72
1411802800825,-72
1411802801475,-76
1411802801507,-76
1411802801844,-76
1411802801883,-76
1411802802090,-73
1411802802181,-73
1411802802437,-69
1411802802471,-69
1411802803915,-75
1411802803942,-75
1411802804263,-72
1411802804297,-72
1411802804668,-69
1411802804702,-69
1411802804915,-73
1411802804937,-73
1411802805279,-69
1411802805321,-69
1411802805640,-73
1411802805674,-73
1411802806052,-77
1411802806080,-77
1411802806467,-69
1411802806491,-69
1411802806729,-72
1411802806754,-72
1411802807099,-70
1411802807132,-70
1411802807481,-69
1411802807505,-69
1411802808188,-73
1411802808219,-73
1411802808672,-76
1411802808693,-76
1411802809307,-76
1411802809342,-76
1411802809957,-76
1411802809979,-76
1411802810617,-69
1411802810646,-69
1411802811107,-72
1411802811130,-72
1411802811382,-77
1411802811415,-77
1411802812081,-73
1411802812103,-73
1411802812418,-73
1411802812443,-73
1411802812840,-69
1411802812872,-69
1411802813474,-72
1411802813505,-72
1411802813819,-74
1411802813851,-74
1411802814168,-70
1411802814237,-70
1411802814568,-69
1411802814602,-69
1411802814858,-75
1411802814889,-75
1411802815630,-67
1411802815655,-67
1411802815982,-71
1411802816018,-71
1411802816268,-71
1411802816297,-71
1411802816657,-75
1411802817050,-67
1411802817165,-67
1411802817750,-67
1411802817778,-67
1411802818411,-74
1411802818435,-74
1411802818753,-69
1411802818777,-69
1411802819463,-70
1411802819494,-70
1411802819839,-67
1411802820356,-77
1411802820378,-77
1411802820523,-71
1411802820545,-71
